ride_date,num_rides,avg_duration_min,temp_f,max_temp_f,min_temp_f,wind_speed_knots,precip_in,day_of_week,month
7/1/13,16650,16.309987987987988,74.8,78.1,73.4,7.8,0,Monday,7
7/2/13,22745,15.968826115629806,76.1,82.9,73,8,0.73,Tuesday,7
7/3/13,21864,16.238808086351998,78.5,84.9,73.9,8.8,0.06,Wednesday,7
7/4/13,22326,21.21847398,82,91,73.9,8.6,0.96,Thursday,7
7/5/13,21842,18.04044348808107,84.4,93,75.9,9,0,Friday,7
7/6/13,20467,19.326261787267303,87,95,77,9.3,0,Saturday,7
7/7/13,20477,18.638323484885486,88.8,98.1,79,8.8,0,Sunday,7
7/8/13,21615,21.49216439201172,83.7,98.1,75,8.9,0,Monday,7
7/9/13,26641,16.098854522477883,82.6,91,75,6,0,Tuesday,7
7/10/13,25732,15.531954375874399,82,91,75,8.7,0.08,Wednesday,7
7/11/13,24417,16.828634421373085,82.3,91,75,7.6,0.02,Thursday,7
7/12/13,19006,15.635127503595358,75.4,86,72,9.1,0,Friday,7
7/13/13,26119,18.615661013055622,71.4,78.1,68,10.5,0.23,Saturday,7
7/14/13,29287,19.362671151022631,80.2,93.9,69.1,6,0.01,Sunday,7
7/15/13,28069,15.318282328072488,87.2,93.9,72,7.8,0,Monday,7
7/16/13,29842,15.128550923753995,86.5,93.9,79,7.9,0,Tuesday,7
7/17/13,30550,14.669449536279322,87.4,97,78.1,4,0,Wednesday,7
7/18/13,28869,14.380492338956437,89.3,100,78.1,6.3,0,Thursday,7
7/19/13,26591,14.671052862497337,92.5,100,82.9,8.9,0,Friday,7
7/20/13,25278,17.947821557612688,89.2,100,82.9,11.3,0,Saturday,7
7/21/13,30297,18.707899021905359,82.2,95,77,7.6,0,Sunday,7
7/22/13,25979,14.700189255424251,77.1,87.1,75,8.3,0,Monday,7
7/23/13,32376,15.737208117123792,80,91,75,7.4,0.58,Tuesday,7
7/24/13,35271,15.592202753914924,79.9,91,75,7.8,0.31,Wednesday,7
7/25/13,31084,14.937073199502423,68,82.9,64,11.7,0,Thursday,7
7/26/13,34534,15.667923881778348,71.5,84,64,8.6,0.02,Friday,7
7/27/13,32470,18.914398419053487,76.9,84,64.9,8.5,0,Saturday,7
7/28/13,23508,17.54357310986331,74.8,84,71.1,7.6,0,Sunday,7
7/29/13,34915,15.691451620602415,77.3,89.1,71.1,5.7,0.13,Monday,7
7/30/13,37334,15.828179853931177,75.9,89.1,70,8.7,0,Tuesday,7
7/31/13,37261,15.392547167279456,76.1,82,70,6.2,0,Wednesday,7
8/1/13,20138,13.377141887641939,73.5,82,69.1,7.6,0,Thursday,8
8/2/13,35792,16.090496479660263,75.5,86,69.1,7.3,0.5,Friday,8
8/3/13,29540,18.49214680658994,76.4,86,70,8.1,0,Saturday,8
8/4/13,35253,19.719960003403962,74.6,81,70,8.7,0.01,Sunday,8
8/5/13,36776,16.11843684286854,71.5,81,64,9.4,0,Monday,8
8/6/13,37702,16.159205081958515,73.9,82,64,6.3,0,Tuesday,8
8/7/13,34396,14.686894793968291,74.4,82,66.9,9.5,0,Wednesday,8
8/8/13,28366,14.319887071376531,75,82,71.1,9.1,0.16,Thursday,8
8/9/13,29017,15.138192553790306,78.2,89.1,71.1,9.2,0.08,Friday,8
8/10/13,37201,20.443239877064233,78.3,89.1,72,8.9,0.04,Saturday,8
8/11/13,33060,19.430590340794513,74.8,84,66.9,5.7,0,Sunday,8
8/12/13,31457,15.305080480232276,74.8,82,66.9,5.5,0.09,Monday,8
8/13/13,22437,15.649830636894416,74,82,70,5.3,0.01,Tuesday,8
8/14/13,38150,15.555132372214938,69.5,78.1,62.1,12.4,0.73,Wednesday,8
8/15/13,37386,15.298375060182957,69.8,78.1,62.1,8.2,0,Thursday,8
8/16/13,35991,16.389049114130383,72.6,81,63,3.7,0,Friday,8
8/17/13,37285,20.104246122211794,73.6,81,66.9,5.2,0,Saturday,8
8/18/13,27612,16.94367968033222,72.5,81,68,5.2,0,Sunday,8
8/19/13,33127,14.892281723870759,73.5,80.1,68,5.5,0,Monday,8
8/20/13,35843,14.974709148229779,77.5,89.1,68,4.5,0,Tuesday,8
8/21/13,36315,15.094893294781768,81.1,90,70,4.5,0,Wednesday,8
8/22/13,26629,14.405246786085346,77.5,90,73,5.8,0,Thursday,8
8/23/13,33503,15.74394830313703,76.2,81,72,9,0.24,Friday,8
8/24/13,32941,18.079671736336682,71.5,81,64,8.9,0,Saturday,8
8/25/13,31755,19.063203694956179,73.8,82.9,64,4.8,0,Sunday,8
8/26/13,29979,15.474954134560859,75.3,84,66.9,9.1,0,Monday,8
8/27/13,34208,15.06780772528843,78.3,86,70,10.6,0.01,Tuesday,8
8/28/13,28185,14.159055644255217,78,86,73,3.2,0.1,Wednesday,8
8/29/13,34215,14.313135564323639,74.6,84.9,71.1,7.3,0,Thursday,8
8/30/13,32318,15.444152897250239,75.4,86,69.1,7.4,0,Friday,8
8/31/13,25381,17.858579252196524,78.5,86,69.1,8.8,0,Saturday,8
9/1/13,25235,18.37489135,79.6,86,73,8,0,Sunday,9
9/2/13,21416,16.858852415639397,76.9,80.6,71.6,4.8,0,Monday,9
9/3/13,32411,14.437786553947735,76.2,82,72,6.7,0.99,Tuesday,9
9/4/13,36798,15.07160715256264,73.3,82,66,10.4,0.09,Wednesday,9
9/5/13,35825,14.598231681786464,74.3,82,66,9.3,0,Thursday,9
9/6/13,35868,14.809940150923758,64.8,77,57,7.5,0,Friday,9
9/7/13,34419,17.375818104341597,68.3,79,57,6.5,0,Saturday,9
9/8/13,33196,17.081960175924813,73.9,80.1,61,8.7,0,Sunday,9
9/9/13,35394,15.262479987191805,65.9,80.1,57.9,7.7,0,Monday,9
9/10/13,36954,14.481477873392143,74.8,88,57.9,8.8,0,Tuesday,9
9/11/13,35812,14.029129900591977,83.6,93.9,69.1,7.5,0,Wednesday,9
9/12/13,31252,13.678643500149319,80.6,88,71.1,8.4,0,Thursday,9
9/13/13,36501,14.655901208186075,71.3,86,68,9.4,1.3,Friday,9
9/14/13,31607,16.690705118064567,61.6,77,55.9,10.8,0.03,Saturday,9
9/15/13,31914,17.268670489440368,61.5,73,54,6.9,0,Sunday,9
9/16/13,31287,13.804180650110263,65.8,73,54,6.9,0,Monday,9
9/17/13,38283,13.883002028750797,58.2,72,48.9,10.1,0.02,Tuesday,9
9/18/13,37957,13.932727384496491,61.8,71.1,48.9,5,0,Wednesday,9
9/19/13,39200,14.114456207482995,65,77,55,5.4,0,Thursday,9
9/20/13,39382,14.811446853892637,68.1,78.1,57,5.8,0,Friday,9
9/21/13,31826,17.045906910492473,67.4,78.1,61,9.4,0,Saturday,9
9/22/13,29758,16.500938683155233,66.3,75.9,61,12.9,0.98,Sunday,9
9/23/13,35152,13.871636037778792,58.5,68,52,10.6,0.53,Monday,9
9/24/13,38417,13.784679525557261,59.1,73,50,8,0,Tuesday,9
9/25/13,38223,13.994420898411953,64.1,73,50,5.4,0,Wednesday,9
9/26/13,38189,13.785808304311015,63.9,72,55,6.2,0,Thursday,9
9/27/13,37412,14.230190402366443,61.5,69.1,57,6.4,0,Friday,9
9/28/13,34931,17.024874753084649,64.4,73,57,7.3,0,Saturday,9
9/29/13,32592,16.523521109474721,64.6,73,57.9,4.9,0,Sunday,9
9/30/13,37148,13.728397221923116,63.9,73,57.9,4.1,0,Monday,9
10/1/13,40575,13.706243992606284,68.9,81,57.9,5.5,0,Tuesday,10
10/2/13,41383,13.913752023777878,73.9,84,62.1,6,0,Wednesday,10
10/3/13,40456,13.724642409860918,72.6,84,64.9,4.3,0,Thursday,10
10/4/13,40195,14.673060082099765,74,86,64.9,4.9,0,Friday,10
10/5/13,34181,16.759140068069005,68.3,86,64,6.7,0.03,Saturday,10
10/6/13,26574,14.685509018840468,66.5,73,64,7.6,0.01,Sunday,10
10/7/13,25016,12.651673595565505,70.7,77,64,11.8,0.33,Monday,10
10/8/13,38365,13.779678960858417,61.6,77,55.9,10.2,0,Tuesday,10
10/9/13,36969,12.841222375503802,59.7,66,54,12.3,0,Wednesday,10
10/10/13,31171,12.400746420283809,59.1,66,54,13.2,0,Thursday,10
10/11/13,33357,13.342567277233163,63.7,69.1,54,16.4,0,Friday,10
10/12/13,32457,16.876973636914478,65.7,72,60.1,15.5,0,Saturday,10
10/13/13,28832,15.950881543655193,60.9,72,57,15,0,Sunday,10
10/14/13,33018,13.90864074141377,58,64.9,53.1,6.6,0,Monday,10
10/15/13,37534,13.481594465462422,60.4,70,53.1,4.7,0,Tuesday,10
10/16/13,36911,13.337352460422816,60.1,70,55.9,5.6,0,Wednesday,10
10/17/13,36888,13.387314302754287,64.7,73,57,6.7,0,Thursday,10
10/18/13,38122,13.878873091653114,64.2,73,57.9,11.5,0.01,Friday,10
10/19/13,29548,15.613899417896306,59.4,69.1,54,5.9,0,Saturday,10
10/20/13,29256,15.908528165162698,58.4,64,51.1,10.4,0,Sunday,10
10/21/13,35012,13.790265718420358,59.3,66.9,51.1,7.3,0,Monday,10
10/22/13,36338,12.581991762525915,59.6,68,52,7.6,0,Tuesday,10
10/23/13,32365,12.022630413512537,52.8,68,50,7.8,0,Wednesday,10
10/24/13,32251,12.115275495333481,48.4,55,43,11.8,0,Thursday,10
10/25/13,30979,12.511262468123569,47.4,55,42.1,13,0,Friday,10
10/26/13,24569,14.574459006607242,49.5,55.9,42.1,10.1,0,Saturday,10
10/27/13,23965,14.660169691911813,53,59,43,10.3,0,Sunday,10
10/28/13,31498,12.784571507185643,53,61,44.1,7.7,0,Monday,10
10/29/13,33414,12.575373097105006,50.5,61,44.1,8,0,Tuesday,10
10/30/13,35069,12.16037478494777,52.9,60.1,44.1,4.5,0,Wednesday,10
10/31/13,31444,12.928038735529832,59.3,66.9,48,6.2,0,Thursday,10
11/1/13,30384,13.633155059680536,65.9,70,53.1,12.1,0.05,Friday,11
11/2/13,31013,16.587990520104473,61.5,70,55,5.7,0.05,Saturday,11
11/3/13,20798,13.263860307080808,50.9,68,42.1,11.2,0.01,Sunday,11
11/4/13,27142,12.367596345147748,39.5,55.9,34,10.3,0,Monday,11
11/5/13,31493,12.214110013865517,46.8,55,34,6.7,0,Tuesday,11
11/6/13,34826,13.00569832883478,53.2,61,42.1,5.9,0,Wednesday,11
11/7/13,25719,11.869835530152807,58.3,63,46.9,9.2,0,Thursday,11
11/8/13,28686,12.609130470148038,46,63,41,14.2,0.08,Friday,11
11/9/13,21734,14.408419220269318,44.3,50,39.9,10.3,0,Saturday,11
11/10/13,19712,13.913954274891774,50.1,60.1,39.9,11,0,Sunday,11
11/11/13,27295,12.653236856567137,48.6,60.1,44.1,13.6,0,Monday,11
11/12/13,19925,11.081814303638645,43.9,53.1,34,13.4,0.02,Tuesday,11
11/13/13,23633,11.125149861069975,34,52,30,13.4,0.01,Wednesday,11
11/14/13,27040,13.02782729289941,41,53.1,30,11.6,0,Thursday,11
11/15/13,29051,12.719770403772674,49.1,57,34,6.2,0,Friday,11
11/16/13,25194,15.311708475562964,51.9,59,43,5.5,0.03,Saturday,11
11/17/13,17995,13.467926275817353,52.6,60.8,48.2,4.5,0.02,Sunday,11
11/18/13,30615,13.219170885731394,60.3,64.9,48.9,11.4,0.25,Monday,11
11/19/13,27417,11.477858019963282,48.3,64.9,41,16.8,0.23,Tuesday,11
11/20/13,26229,11.413486344631259,38,51.1,32,9,0,Wednesday,11
11/21/13,28752,11.772228598590242,41.6,52,32,6.4,0,Thursday,11
11/22/13,25448,12.094384627475639,52.4,57,36,6.4,0,Friday,11
11/23/13,18996,14.306489962799184,47.4,57,39.9,12.8,0.07,Saturday,11
11/24/13,9392,11.097677101078935,29.4,55,24.1,22.2,0.02,Sunday,11
11/25/13,19116,11.017526330473602,27.9,35.1,24.1,11.9,0,Monday,11
11/26/13,14999,13.040990510478478,36,39.9,24.1,7,0,Tuesday,11
11/27/13,7976,11.025576730190572,48,60.1,34,13.7,1.91,Wednesday,11
11/28/13,5204,13.905294004611839,34.1,39.2,30.9,17.9,0.3,Thursday,11
11/29/13,10127,13.154390902208617,34.1,39,30.9,7.2,0,Friday,11
11/30/13,9863,13.679970597181383,31.3,39,25,7.2,0,Saturday,11
12/1/13,13326,13.558320826454549,41.1,48.9,25,3.2,0,Sunday,12
12/2/13,24576,12.38266669,44.2,48.9,37,4.5,0,Monday,12
12/3/13,27431,12.168702684310936,44,53.1,37.9,4,0,Tuesday,12
12/4/13,28199,12.269936286156719,43.8,53.1,37.9,4.3,0,Wednesday,12
12/5/13,26988,12.38379032656489,48.6,57.9,39,5.3,0.01,Thursday,12
12/6/13,10736,11.621933991554894,50.5,57.9,42.8,7.1,0.05,Friday,12
12/7/13,15545,12.230484614559879,38.2,43,35.6,10.7,0.81,Saturday,12
12/8/13,10090,12.172482656095143,32.1,37.9,28.4,8.7,0.13,Sunday,12
12/9/13,14824,10.71874663,34.5,39.2,28.9,10.9,0.19,Monday,12
12/10/13,12850,11.553900129701683,36,39,32,8.5,0.07,Tuesday,12
12/11/13,18766,11.960985292550362,30.7,39,27,13.2,0.22,Wednesday,12
12/12/13,17214,11.46136574880911,27.6,34,23,12.5,0,Thursday,12
12/13/13,17888,12.056676729278468,28.2,35.1,23,13,0,Friday,12
12/14/13,3701,12.055358912005765,28.6,35.1,24.1,12,0,Saturday,12
12/15/13,7462,15.22614581,33.7,39,24.1,14.2,1.21,Sunday,12
12/16/13,15562,11.222348241442834,31,39,26.1,12,0.77,Monday,12
12/17/13,7863,12.22394548306414,27.2,34,24.1,7.3,0,Tuesday,12
12/18/13,14924,11.485891852050392,28.6,37,24.1,9.4,0.16,Wednesday,12
12/19/13,18766,11.242665814060894,36.6,45,24.1,9.6,0,Thursday,12
12/20/13,22066,14.084528233481374,45.2,52,30.9,5.4,0,Friday,12
12/21/13,17940,14.476455778520998,53.6,60.1,37.9,6.6,0,Saturday,12
12/22/13,15063,15.07031247,58.4,69.1,50,9,0.01,Sunday,12
12/23/13,6956,11.885990511788378,58.5,69.1,50,6.2,0.09,Monday,12
12/24/13,11025,12.736034769463339,39.2,62.1,34,10.7,0.44,Tuesday,12
12/25/13,3260,13.754074642126785,25.6,42.1,19,10.3,0,Wednesday,12
12/26/13,9763,11.935071187135105,31.7,36,19,6.2,0,Thursday,12
12/27/13,11720,12.436033845278727,35.6,39.9,30,10.3,0,Friday,12
12/28/13,12022,16.256094382520928,42.4,55,32,9.3,0,Saturday,12
12/29/13,3775,12.156847682119203,45.2,55,36,7.1,0,Sunday,12
12/30/13,13241,12.348442967550284,40.5,48,28.9,11.3,1.2,Monday,12
12/31/13,10424,13.23923317984139,26,44.1,21,9.9,0,Tuesday,12
1/1/14,6059,15.377444022666005,28.9,33.1,21,9.4,0,Wednesday,1
1/2/14,8600,12.980327519379847,28.9,33.1,25,14.2,0.01,Thursday,1
1/3/14,1144,13.388869463869465,16.6,32,10.9,16.7,0.3,Friday,1
1/4/14,2292,20.398247527632346,15.8,27,9,6.8,0.25,Saturday,1
1/5/14,2678,13.737303958177742,29.1,35.6,26.1,4.8,0,Sunday,1
1/6/14,9510,12.80507360672976,44.7,53.1,25,11.2,0.17,Monday,1
1/7/14,6267,12.101688739960641,14,36,3.9,19.6,0.24,Tuesday,1
1/8/14,9246,10.233461316605377,12.9,21.9,3.9,11.4,0,Wednesday,1
1/9/14,13354,10.864896909789822,25.7,33.1,9,7,0,Thursday,1
1/10/14,9847,11.194096340679058,30.2,34,23,4.8,0,Friday,1
1/11/14,7695,12.369558154645874,43.7,55,27,9.2,0.22,Saturday,1
1/12/14,12515,12.069734984685045,47.6,55.9,34,13.6,0.45,Sunday,1
1/13/14,20633,11.779531171747525,41.8,54,35.1,8.9,0.02,Monday,1
1/14/14,9999,11.11603493682702,45.8,50,35.1,6.6,0.02,Tuesday,1
1/15/14,21630,11.704905994760368,42.4,50,36,5.5,0.36,Wednesday,1
1/16/14,19953,11.388402746454169,39.1,41,37,5.9,0,Thursday,1
1/17/14,20301,12.211397632300544,38.3,46,33.1,5.5,0,Friday,1
1/18/14,9438,14.084099738645193,37.5,46,32,7.7,0,Saturday,1
1/19/14,9028,13.605822625904592,29.8,39,25,12.1,0.15,Sunday,1
1/20/14,13407,13.10331046,39.6,46,25,11.1,0,Monday,1
1/21/14,3804,14.296617595513489,25.7,46,14,12.5,0,Tuesday,1
1/22/14,2451,16.576716986264113,12.6,32,7,16.6,0.25,Wednesday,1
1/23/14,5071,15.401988430947219,13.5,21,7,11.9,0,Thursday,1
1/24/14,6176,13.034348013816928,15.7,21,8.1,12.8,0,Friday,1
1/25/14,4338,11.466901029660367,22,27,10.9,12.6,0,Saturday,1
1/26/14,4980,11.962151941097725,21.9,27,18,12.7,0.02,Sunday,1
1/27/14,13119,10.535111924181214,33.7,44.1,18,9.4,0,Monday,1
1/28/14,10033,14.218656766005521,18.5,28,12.9,11.8,0,Tuesday,1
1/29/14,10021,11.171130625686056,18.2,23,12.9,8.1,0.05,Wednesday,1
1/30/14,12158,11.191953172122602,21.6,28.9,14,7.5,0,Thursday,1
1/31/14,14653,11.705812234127258,30.5,39,18,7.3,0,Friday,1
2/1/14,12771,13.671289118575938,38.2,44.1,26.1,3.2,0,Saturday,2
2/2/14,13816,13.738225004825322,40.3,55,30,3.3,0,Sunday,2
2/3/14,2600,13.292378205128207,35.6,55,30,8.2,0.27,Monday,2
2/4/14,8709,12.542329773797222,29.6,42.1,25,6.2,0.81,Tuesday,2
2/5/14,2746,15.422347657198349,31.5,36,25,9,0.74,Wednesday,2
2/6/14,7196,17.346933481563827,28.4,34,21.9,8.6,0.44,Thursday,2
2/7/14,8495,17.482438689425145,28.5,33.1,21.9,8.9,0,Friday,2
2/8/14,5986,17.377703530459957,26.8,33.1,21.9,8,0,Saturday,2
2/9/14,4996,17.122084334133977,26.1,28.9,21,6.5,0,Sunday,2
2/10/14,6846,14.403897653130779,25.9,28.9,21,12.4,0.1,Monday,2
2/11/14,8343,16.451386391785526,22.6,28.9,18,11.3,0,Tuesday,2
2/12/14,8580,14.081419968919965,19,26.1,14,9.2,0,Wednesday,2
2/13/14,876,81.110083713850827,28.7,36,14,15.8,0.18,Thursday,2
2/14/14,3609,28.906183615036486,35.4,39.9,24.1,16.4,1.75,Friday,2
2/15/14,2261,18.350471767654426,34.5,39,30.2,9.7,0.25,Saturday,2
2/16/14,3003,21.346797646797651,27.2,37,21.9,14,0.05,Sunday,2
2/17/14,4854,16.118342260678475,24.4,33.1,19,11.2,0,Monday,2
2/18/14,5140,14.629364461738003,30.6,39.9,19,7.2,0.05,Tuesday,2
2/19/14,8506,14.158004153930554,36.4,45,25,5.3,0.1,Wednesday,2
2/20/14,11792,13.573103233830846,42.5,50,28,8.1,0.25,Thursday,2
2/21/14,8680,11.75462173579109,37.1,46.9,33.8,8.2,0.02,Friday,2
2/22/14,13044,16.471369978534188,45.5,55,34,9.4,0.11,Saturday,2
2/23/14,13324,15.581533323326324,48,55,37.9,5.2,0,Sunday,2
2/24/14,12922,12.58724398,40,54,33.1,13.2,0,Monday,2
2/25/14,12830,11.434589503767208,28.7,44.1,24.1,12.9,0,Tuesday,2
2/26/14,11188,11.072612024788464,28,33.1,24.1,9.2,0,Wednesday,2
2/27/14,12036,10.512638473468485,24.7,33.1,19,9.6,0.01,Thursday,2
2/28/14,9587,11.09042453322207,17.3,33.1,10,13.3,0,Friday,2
3/1/14,9202,11.874632326305877,26.6,37.9,10,5.6,0,Saturday,3
3/2/14,8195,11.216150091519221,36.6,39,21,6,0,Sunday,3
3/3/14,7708,11.456964625497319,25.9,39,19.9,10.6,0.01,Monday,3
3/4/14,10398,10.333017567480924,20.3,32,12.9,6.4,0,Tuesday,3
3/5/14,13801,10.518999830930124,30.6,37,12.9,5.1,0,Wednesday,3
3/6/14,12773,10.194545786685461,24.2,37,16,10.2,0,Thursday,3
3/7/14,13304,11.046503557827219,29.2,36,16,10.2,0,Friday,3
3/8/14,16350,15.866276248725791,41.6,55.9,26.1,7.3,0,Saturday,3
3/9/14,12262,12.70534034687109,41.4,55.9,35.1,11.3,0,Sunday,3
3/10/14,17231,11.223293289226786,41.9,51.1,35.1,8.7,0,Monday,3
3/11/14,24356,12.948284474735862,52.3,64.9,37,7,0,Tuesday,3
3/12/14,15101,10.971585766947003,48.1,64.9,39,7.4,0,Wednesday,3
3/13/14,10979,10.652381819837871,28.8,54,19,20.9,0.35,Thursday,3
3/14/14,16299,10.919300775098675,29.7,44.1,19,12.9,0,Friday,3
3/15/14,18053,14.778114440813159,47.9,57.9,39,11.1,0,Saturday,3
3/16/14,9851,12.279863296450445,37.7,57.9,30,14.2,0,Sunday,3
3/17/14,12503,10.621213575408564,28.3,33.1,23,9.3,0,Monday,3
3/18/14,16679,11.345885045066648,32.1,41,23,9.4,0,Tuesday,3
3/19/14,13341,10.864158109087272,35.8,45,27,9.4,0,Wednesday,3
3/20/14,19695,11.966702208682404,45.3,53.1,30.9,11.4,0.99,Thursday,3
3/21/14,20718,12.220391286160183,43.7,53.1,39,14.1,0,Friday,3
3/22/14,19880,16.05780600268276,48.4,63,37,9.7,0,Saturday,3
3/23/14,11740,12.281138557637705,41.5,63,35.1,11,0,Sunday,3
3/24/14,13598,10.486559297935973,28.1,42.1,21.9,12.8,0,Monday,3
3/25/14,16037,10.424924653405668,31.6,37.9,21.9,7.5,0,Tuesday,3
3/26/14,14500,10.198148275862069,33.4,37.9,26.1,16.8,0,Wednesday,3
3/27/14,16666,11.413531541261648,30.1,42.1,23,12.7,0,Thursday,3
3/28/14,18425,12.244414292175486,44.9,60.1,23,8.1,0,Friday,3
3/29/14,4480,11.066566220238093,48.3,60.1,37.9,6.7,0.03,Saturday,3
3/30/14,7907,12.75450234,44.1,55,41,12.4,1.97,Sunday,3
3/31/14,17085,11.82974539069359,42.1,53.1,35.6,15.2,0.29,Monday,3
4/1/14,23908,12.853388684401319,45.9,59,36,8.5,0.02,Tuesday,4
4/2/14,22515,12.002125249833444,45.6,59,39,5.7,0,Wednesday,4
4/3/14,26321,12.891668882894521,50.7,64,41,3.9,0,Thursday,4
4/4/14,12566,10.684554883548197,44.7,51.1,39.2,9.8,0.09,Friday,4
4/5/14,18655,14.951773429822213,45.3,54,39,12.8,0.17,Saturday,4
4/6/14,20750,16.594725301204821,44.9,59,37,9.7,0,Sunday,4
4/7/14,14677,11.32383207285776,46.1,59,37,6.9,0,Monday,4
4/8/14,21884,12.149883476512521,51,64.9,41,10.7,0.99,Tuesday,4
4/9/14,26931,12.847673065735897,51.4,64.9,43,13.2,0.01,Wednesday,4
4/10/14,27463,12.728735025306777,49.8,59,42.1,10.4,0,Thursday,4
4/11/14,26798,13.810168047366719,59.2,73.9,42.1,8.8,0,Friday,4
4/12/14,27108,17.636654001278842,58.8,73.9,48.9,6.6,0,Saturday,4
4/13/14,26871,18.378644263332212,59.8,73.9,48.9,8.2,0,Sunday,4
4/14/14,28832,14.838482126341098,61.7,73.9,50,10.5,0,Monday,4
4/15/14,10523,10.554770502708353,56.9,61,44.6,13.7,0.1,Tuesday,4
4/16/14,20082,11.889953689871527,38.9,46.9,32,14.1,0.82,Wednesday,4
4/17/14,22282,12.433921251832574,41.1,46.9,32,11.4,0.05,Thursday,4
4/18/14,20770,12.430917188252288,39.9,46.9,35.1,7.1,0,Friday,4
4/19/14,24369,18.437031337628412,50.6,64.9,35.1,6.8,0,Saturday,4
4/20/14,18464,16.71380073,51.6,64.9,42.1,9.2,0,Sunday,4
4/21/14,27124,13.895182003637615,49.9,63,41,5.4,0,Monday,4
4/22/14,27259,12.705970505154264,56.4,66,41,7.7,0,Tuesday,4
4/23/14,26949,12.408973122070083,55.6,66,48,16,0,Wednesday,4
4/24/14,28107,13.015390590718798,49.4,62.1,43,17.9,0,Thursday,4
4/25/14,27919,13.529182635481217,52.3,60.1,43,8.9,0,Friday,4
4/26/14,19899,16.160248421193696,52,64,44.6,8.2,0.7,Saturday,4
4/27/14,21926,15.819971723068504,51.3,64,45,10.8,0.06,Sunday,4
4/28/14,28557,13.442739666865101,53.7,64,46,7.3,0,Monday,4
4/29/14,18404,11.008666594218647,49.9,64,44.1,13.4,0,Tuesday,4
4/30/14,2867,9.4953958841995121,44.5,51.1,42.1,14.1,0.55,Wednesday,4
5/1/14,26762,14.309317315596745,59.3,77,42.1,7.9,4.88,Thursday,5
5/2/14,32377,14.010143002748867,62.8,77,48.9,7.6,0.01,Friday,5
5/3/14,25501,18.089191273544834,61.7,69.1,54,7.2,0,Saturday,5
5/4/14,21277,15.43626372765584,58.7,69.1,54,12.2,0.03,Sunday,5
5/5/14,30288,14.396794109878499,57.5,66.9,50,15.6,0,Monday,5
5/6/14,32233,14.299347459642812,59.2,68,50,8.6,0,Tuesday,5
5/7/14,32882,13.288734464651375,59,68,51.1,7,0,Wednesday,5
5/8/14,17619,12.222241141192274,55.6,68,51.1,6.7,0.32,Thursday,5
5/9/14,22641,12.287202420387795,54.9,63,52,5.5,0.09,Friday,5
5/10/14,21832,15.364831440087947,65.4,82,52,7.1,0.02,Saturday,5
5/11/14,28326,18.773016545458816,69.3,82,55,9.8,0.93,Sunday,5
5/12/14,31644,14.389985463278983,73.2,82,62.1,4.4,0.02,Monday,5
5/13/14,32847,13.422771232278954,65.8,82,59,7.7,0,Tuesday,5
5/14/14,30044,12.947753295167088,56.5,71.1,51.1,7.1,0,Wednesday,5
5/15/14,26057,12.978048764887241,60.7,75,51.1,8.5,0.14,Thursday,5
5/16/14,17784,11.656169403208876,67.2,75,54,15.9,0.03,Friday,5
5/17/14,29912,17.701291566372472,62.2,71.1,54,9.8,1.58,Saturday,5
5/18/14,27436,17.056795208242207,60.4,70,53.1,7.6,0,Sunday,5
5/19/14,31692,13.411918885943875,60.4,70,53.1,10.5,0,Monday,5
5/20/14,35567,14.05360774500708,65.5,77,53.1,8.9,0,Tuesday,5
5/21/14,34420,13.388106236684099,69.7,77,57,6.7,0,Wednesday,5
5/22/14,24535,12.212325249643365,62.9,75,57.9,6.2,0.27,Thursday,5
5/23/14,24484,12.904456651963189,60.3,68,57,6,0.01,Friday,5
5/24/14,16798,15.957243917926741,60.2,68,57,6.2,1.09,Saturday,5
5/25/14,25637,20.052994370116103,65.5,81,55.9,5.4,0.02,Sunday,5
5/26/14,26930,19.528184800099027,75.2,87.1,55.9,7.2,0,Monday,5
5/27/14,32936,14.420076309610558,79.5,87.1,66,7.6,0,Tuesday,5
5/28/14,29690,12.473383294038392,61.3,86,54,11.7,0,Wednesday,5
5/29/14,33889,13.324726312372745,55.6,63,51.1,9.8,0,Thursday,5
5/30/14,34343,14.141829970202567,63.2,75.9,51.1,4.1,0,Friday,5
5/31/14,27734,16.663981635056853,64,75.9,55.9,10.6,0.03,Saturday,5
6/1/14,31333,18.015508143703656,65.1,77,57,6,0.01,Sunday,6
6/2/14,34519,14.685100476066321,69.7,79,57,9.3,0,Monday,6
6/3/14,29501,13.369560918838909,75.7,84.9,61,7.4,0,Tuesday,6
6/4/14,36068,13.843021977006392,69.5,84.9,62.1,6.8,0.06,Wednesday,6
6/5/14,24619,13.550492167296262,67,81,62.1,7.9,0.4,Thursday,6
6/6/14,37719,14.525447829122372,67.8,75.9,61,11.3,0.3,Friday,6
6/7/14,31204,17.868468251933514,71.5,82,61,6.4,0,Saturday,6
6/8/14,30162,18.067772362575429,76.4,84.9,63,5.5,0,Sunday,6
6/9/14,18611,12.932912435298126,68,84.9,62.1,7,0.45,Monday,6
6/10/14,33435,13.348906335676187,66.9,75.2,63,6.5,0.79,Tuesday,6
6/11/14,30548,13.418144122910396,65.6,75,61,9.5,0.04,Wednesday,6
6/12/14,29084,12.583449663044972,63.6,75.9,59,9,0.01,Thursday,6
6/13/14,18308,12.68485998834754,65.7,75.9,59,8.4,0.14,Friday,6
6/14/14,28417,16.756327198507936,69.6,75.9,62.1,10.1,1.43,Saturday,6
6/15/14,28382,17.317562774528465,67.6,79,61,10,0,Sunday,6
6/16/14,34932,14.268376655597542,72,81,61,5.3,0,Monday,6
6/17/14,35097,14.096376708360639,76.7,88,64,6.7,0,Tuesday,6
6/18/14,35531,13.559252014672635,83.2,88,70,11.2,0,Wednesday,6
6/19/14,31724,13.661286407766996,74.8,88,68,5.4,0,Thursday,6
6/20/14,34405,16.704327859322778,73.3,80.1,66,8,0,Friday,6
6/21/14,30288,17.230165962317308,70,75.9,62.1,8.4,0,Saturday,6
6/22/14,29417,16.582756569330659,70.1,77,64,6.4,0,Sunday,6
6/23/14,32580,13.948640781665643,73.2,82,64,6.2,0,Monday,6
6/24/14,35897,13.736748196228099,73.5,82,66.9,10.8,0,Tuesday,6
6/25/14,34340,13.136113861386139,75.4,84,69.1,10.3,0,Wednesday,6
6/26/14,34846,13.568823298704773,77.5,86,71.1,6.3,0.07,Thursday,6
6/27/14,35823,14.686583572937314,74.5,86,68,7.5,0,Friday,6
6/28/14,28507,16.90474737,75.6,87.1,68,5.4,0,Saturday,6
6/29/14,27986,17.305518235308128,74.9,87.1,69.1,7.5,0,Sunday,6
6/30/14,33597,13.798781637249355,75.8,84,69.1,9,0,Monday,6
7/1/14,34854,13.230134752586984,79,88,69.1,10.2,0,Tuesday,7
7/2/14,26582,12.609202342437239,81.7,91,73,10.1,0,Wednesday,7
7/3/14,27587,13.287443965152669,78.9,91,72,6.3,0.65,Thursday,7
7/4/14,13612,15.486074786952692,71.1,89.1,64.9,8.5,0.71,Friday,7
7/5/14,22913,18.274830154642917,71.8,82.9,64.9,13.7,0.16,Saturday,7
7/6/14,23822,20.219724764223542,78.2,87.1,64.9,9.5,0,Sunday,7
7/7/14,31863,14.025829331826882,81.3,91.9,69.1,11.4,0,Monday,7
7/8/14,32713,13.311302336481926,83.8,93,72,10.7,0.18,Tuesday,7
7/9/14,34426,13.330690950638083,79.5,93,72,10.2,0,Wednesday,7
7/10/14,36288,13.710673868312755,76.3,88,70,5.5,0,Thursday,7
7/11/14,35000,14.030660000000003,76.9,84.9,70,6.1,0,Friday,7
7/12/14,28718,16.704610348910091,77,86,70,7,0,Saturday,7
7/13/14,24869,15.259172061602806,75.3,86,71.1,10.1,0,Sunday,7
7/14/14,25825,12.618090351726369,77.2,84.9,71.1,6.3,0.41,Monday,7
7/15/14,22963,12.21871416336425,76.3,88,72,7,0.57,Tuesday,7
7/16/14,35391,13.554079191508201,73.8,88,68,6.4,0.93,Wednesday,7
7/17/14,38619,13.719102859559632,75,82.9,68,4.8,0,Thursday,7
7/18/14,36105,14.457257997507272,74.6,82.9,68,6.1,0,Friday,7
7/19/14,29291,16.618232562903284,73.1,82,68,6,0,Saturday,7
7/20/14,30296,17.056757767802136,71.2,77,66.9,9.1,0,Sunday,7
7/21/14,35670,13.678115129427157,74,84,66.9,4.4,0,Monday,7
7/22/14,36886,13.627777476549367,78.1,87.1,66.9,7.3,0,Tuesday,7
7/23/14,34173,13.109473365912663,80.2,89.1,72,9.9,0,Wednesday,7
7/24/14,36693,13.742467682300893,76.8,89.1,73,7.9,0.12,Thursday,7
7/25/14,36384,14.157776770008789,74.6,82,66.9,6.9,0,Friday,7
7/26/14,27179,16.451384034242128,75.7,82.9,66.9,7.9,0,Saturday,7
7/27/14,27004,16.19756579272207,77.5,88,71.1,8.5,0,Sunday,7
7/28/14,33189,13.454911265780838,78.2,88,70,9.4,0.26,Monday,7
7/29/14,37092,13.568479276753292,70.6,84,64.9,11.4,0,Tuesday,7
7/30/14,37377,13.556849131819034,72.5,82.9,64.9,6.5,0,Wednesday,7
7/31/14,35458,13.663461466147744,75.1,82.9,64.9,8.6,0,Thursday,7
8/1/14,32654,13.526990567771174,76.7,86,70,7.3,0,Friday,8
8/2/14,26784,16.543361086220635,71.1,86,64.9,8.7,0.34,Saturday,8
8/3/14,25276,16.505556654533944,69.6,75.9,64.9,4.8,0.12,Sunday,8
8/4/14,33822,13.985576942029839,75.4,84,66,5.4,0.01,Monday,8
8/5/14,34392,13.747544002481197,79.7,89.1,71.1,4.4,0,Tuesday,8
8/6/14,36336,13.637403676794367,76.9,89.1,71.1,7.1,0,Wednesday,8
8/7/14,36362,13.852484736813157,75.2,84,66.9,8.1,0,Thursday,8
8/8/14,34073,14.120054001702231,74,82.9,66,7.1,0,Friday,8
8/9/14,31636,18.437703354827828,77.5,87.1,66,4,0,Saturday,8
8/10/14,26749,17.214753199496563,78.9,87.1,70,4.8,0,Sunday,8
8/11/14,33664,13.774130129119133,79.7,87.1,71.1,5.9,0,Monday,8
8/12/14,26261,12.027818818780705,75.5,87.1,72,11.1,0,Tuesday,8
8/13/14,27977,13.221852474056071,73.4,86,68,13.5,0.77,Wednesday,8
8/14/14,35154,14.364689651248787,72,86,64,11.6,0.15,Thursday,8
8/15/14,32480,13.884582820197044,69.6,79,63,9.2,0,Friday,8
8/16/14,32017,18.710583440047468,71.7,79,63,7.1,0,Saturday,8
8/17/14,27417,16.750628563786456,74.7,82.9,66,7.7,0,Sunday,8
8/18/14,34339,14.094628556451847,72.6,82.9,64,8.8,0.01,Monday,8
8/19/14,35367,13.925657156859977,72.5,81,64,6.9,0,Tuesday,8
8/20/14,35532,14.048568426582612,75.4,84,64.9,6.2,0,Wednesday,8
8/21/14,33804,13.843160572713289,75,84,69.1,6.3,0.07,Thursday,8
8/22/14,30406,13.575098116599793,71.2,81,64,7.6,1.2,Friday,8
8/23/14,26429,16.310513703381385,70.1,75.9,66.9,8.2,0.04,Saturday,8
8/24/14,27493,17.628368433176931,72,80.1,64.9,6.2,0,Sunday,8
8/25/14,32892,13.790671997243502,75.4,86,64.9,4.4,0,Monday,8
8/26/14,34519,13.521703989107452,79,86,68,4.6,0,Tuesday,8
8/27/14,33721,13.675883475183616,79,89.1,71.1,7,0,Wednesday,8
8/28/14,33927,13.819915799608967,76.5,89.1,70,8.9,0,Thursday,8
8/29/14,31264,14.23113431849198,70.3,80.1,64,8,0,Friday,8
8/30/14,22689,17.233491265958548,71.7,79,64,6.7,0,Saturday,8
8/31/14,18053,17.046679222289928,77.4,91.9,66.9,9.4,0,Sunday,8
9/1/14,23575,19.545633085896085,80.3,91.9,73,5.6,0.79,Monday,9
9/2/14,30507,13.558917079140304,84.3,93,75.9,6.8,0,Tuesday,9
9/3/14,35535,13.646317714928939,80.2,93,73,9.6,0,Wednesday,9
9/4/14,36496,14.082504475376293,78.5,86,71.1,6.1,0,Thursday,9
9/5/14,34831,14.268615601045049,78.3,86,71.1,8,0,Friday,9
9/6/14,25833,15.771490599878707,80.8,91,73,8,0,Saturday,9
9/7/14,29721,17.488032591994429,73.1,91,66,8.2,0.21,Sunday,9
9/8/14,34335,14.303210523760983,71,80.1,64.9,9.4,0,Monday,9
9/9/14,34518,13.617086737354422,68.1,77,64,12.5,0,Tuesday,9
9/10/14,37653,14.179311520109065,68.5,75,62.6,9.3,0,Wednesday,9
9/11/14,37081,13.377529822101165,73.8,84,63,9.1,0,Thursday,9
9/12/14,37204,15.752581263663407,70.6,84,63,9.6,0,Friday,9
9/13/14,17293,15.207226430733048,65.1,71.1,60.8,10.5,0,Saturday,9
9/14/14,28688,17.444886944599364,62.1,71.1,55,7.4,0.19,Sunday,9
9/15/14,35045,14.662093974413848,63.6,73,55,6.5,0,Monday,9
9/16/14,25633,13.024798762012511,63.9,73,55,5.6,0.01,Tuesday,9
9/17/14,37453,13.742398027750339,65.9,73,57.9,4.3,0.41,Wednesday,9
9/18/14,37381,15.109120052076365,67.6,75,59,4.6,0,Thursday,9
9/19/14,34713,13.759263580406953,62.1,75,55,10.3,0,Friday,9
9/20/14,30011,16.831377939200067,65,73.9,55,9.1,0,Saturday,9
9/21/14,26080,16.307601610429447,70.4,77,57.9,3.5,0.21,Sunday,9
9/22/14,33239,13.489832726616324,68.8,77,61,11.1,0,Monday,9
9/23/14,36347,14.318372447061192,60.9,73,54,7,0,Tuesday,9
9/24/14,35481,14.15637994043761,65,73,54,8.1,0,Wednesday,9
9/25/14,16650,12.309901901901911,62.6,70,57.9,13,0.02,Thursday,9
9/26/14,35116,14.915348179367431,66.4,77,57.9,7,0.15,Friday,9
9/27/14,30193,18.084732112299758,72.6,82.9,60.1,3.6,0,Saturday,9
9/28/14,29021,18.296087890378235,73.4,84,64.9,3.2,0,Sunday,9
9/29/14,33161,15.074445382628195,72.7,84,64.9,4.1,0,Monday,9
9/30/14,35093,15.192419665840294,69,73.9,64.4,6.2,0,Tuesday,9
10/1/14,27942,12.342573306611314,63.3,66.2,60.8,8.4,0.04,Wednesday,10
10/2/14,34492,14.133840697359778,63.3,68,60.1,9.1,0,Thursday,10
10/3/14,34944,15.281557158119661,62.4,69.1,57,6.8,0,Friday,10
10/4/14,13354,14.13247092007389,65,71.1,57,10,0.07,Saturday,10
10/5/14,23456,15.738347686448389,54.2,71.1,46.9,12.2,0.98,Sunday,10
10/6/14,31742,13.726223405372483,59.2,71.1,46.9,8.5,0,Monday,10
10/7/14,32892,13.510334833191459,67.1,72,51.1,11.4,0,Tuesday,10
10/8/14,33607,16.683948284583568,67.6,73,64,13.5,0.06,Wednesday,10
10/9/14,32203,13.678046558809223,64.2,73,57.9,12.6,0.03,Thursday,10
10/10/14,30887,14.82013954090718,60.3,69.1,54,6.5,0,Friday,10
10/11/14,12965,14.29692119809744,56.2,62.1,51.8,6.2,0.13,Saturday,10
10/12/14,23394,17.592083440198344,55.1,62.1,48.9,5.3,0.2,Sunday,10
10/13/14,22752,13.443484821847161,58.8,66,48.9,4.4,0,Monday,10
10/14/14,32614,18.747257312810454,67.6,75.9,53.1,8.5,0.03,Tuesday,10
10/15/14,28743,13.511033990884734,71.9,78.1,64,12.9,0,Wednesday,10
10/16/14,26754,13.593397871969298,69.8,78.1,64.9,11,0.72,Thursday,10
10/17/14,34132,15.251804757998359,65.8,72,61,8.7,0.08,Friday,10
10/18/14,24978,17.851717511410037,64.1,72,60.1,8.9,0,Saturday,10
10/19/14,18840,14.547722929936304,54.5,70,48,14.8,0,Sunday,10
10/20/14,27914,17.183799646533398,49.8,61,44.1,8.4,0,Monday,10
10/21/14,31330,13.243528034897329,60,68,44.1,5.6,0,Tuesday,10
10/22/14,9169,11.838021230959388,57,68,52,11.5,0.35,Wednesday,10
10/23/14,13371,12.233315882631565,52.2,59,51.1,15.6,1,Thursday,10
10/24/14,29837,13.538779591335141,54.7,62.1,51.1,11.2,0.23,Friday,10
10/25/14,24952,16.557081596665594,58.7,68,51.1,8.3,0,Saturday,10
10/26/14,20768,15.548127728556759,59.6,68,52,13.3,0,Sunday,10
10/27/14,28806,14.050002892915831,57,64,51.1,11,0,Monday,10
10/28/14,32956,12.994410729457456,60.4,72,51.1,6.1,0,Tuesday,10
10/29/14,29999,12.749371645721522,64.2,72,53.1,7.1,0,Wednesday,10
10/30/14,31133,13.208668722363193,54,72,50,8.4,0,Thursday,10
10/31/14,27785,18.070444484434049,49.9,57.9,45,9.3,0,Friday,10
11/1/14,6002,11.192083194490721,48.1,55,45,15.1,0.05,Saturday,11
11/2/14,14100,16.124030732860518,44.6,48,42.1,19.4,0.17,Sunday,11
11/3/14,26757,13.746447035666682,48.1,62.1,41,13.6,0,Monday,11
11/4/14,31174,13.306952909475843,60.2,69.1,41,8.5,0,Tuesday,11
11/5/14,30539,14.527718109084562,61.4,69.1,55,9,0,Wednesday,11
11/6/14,12283,12.06516459062661,52.7,64,48,5.3,0.13,Thursday,11
11/7/14,25355,12.322618812857421,49.6,59,45,12.9,0.21,Friday,11
11/8/14,17443,14.520727512469184,42.4,52,37.9,11,0,Saturday,11
11/9/14,18207,15.17010948170118,49.9,57,37.9,6.2,0,Sunday,11
11/10/14,27655,12.945201591032362,51.8,61,42.1,3.4,0,Monday,11
11/11/14,29358,12.823087403774098,54.9,64,42.1,5,0,Tuesday,11
11/12/14,27807,12.878346579398469,58.7,66,46.9,5.6,0,Wednesday,11
11/13/14,20652,14.00368729,45.7,66,39.9,5.3,0,Thursday,11
11/14/14,21082,12.606940359864653,39.3,48,36,12.4,0.2,Friday,11
11/15/14,14057,12.988551374167086,37.8,43,34,9.7,0.03,Saturday,11
11/16/14,13272,13.046382107695395,39.4,44.1,34,5.4,0,Sunday,11
11/17/14,8116,12.371365204534248,43.6,53.1,35.1,5.8,0.51,Monday,11
11/18/14,16691,11.099698440277196,37.1,53.1,28,16.2,1,Tuesday,11
11/19/14,16694,13.006334611237573,26.7,46,21.9,12.9,0,Wednesday,11
11/20/14,20611,12.013123251338278,38.1,46,21.9,11.2,0,Thursday,11
11/21/14,17806,10.811233104945899,33.1,46,28,15.8,0,Friday,11
11/22/14,12682,13.606544709036429,34.3,43,28,8.8,0,Saturday,11
11/23/14,15669,14.317903716467757,46.9,55,28.9,7.9,0,Sunday,11
11/24/14,23031,12.727714095494481,57.5,64,44.1,10.6,0.61,Monday,11
11/25/14,25580,14.14487816002085,60.1,66.9,48.9,9.7,0,Tuesday,11
11/26/14,3675,12.75508390022676,44,53.1,33.8,9.8,0,Wednesday,11
11/27/14,3945,11.856244190959021,36.5,51.1,34,11.3,1.07,Thursday,11
11/28/14,8378,11.86724357,34.4,37.9,30.9,13.1,0.01,Friday,11
11/29/14,8183,11.973750458267141,31.4,37,28.9,5.9,0,Saturday,11
11/30/14,12384,14.758551356589148,46.5,53.1,28.9,7.7,0,Sunday,11
12/1/14,18519,12.885524776355815,55.4,64,44.1,7.6,0,Monday,12
12/2/14,15367,11.433989501312336,39.7,46,35.1,12.3,0.05,Tuesday,12
12/3/14,13472,14.234154790182108,43.5,46.9,35.1,8.3,0.12,Wednesday,12
12/4/14,21335,11.880248418092334,42,46.9,37.9,11.3,0.09,Thursday,12
12/5/14,15818,12.185782020482996,38.4,46,34,9.3,0,Friday,12
12/6/14,4047,13.022934684128161,44.9,48.9,34,4.1,0.7,Saturday,12
12/7/14,10510,11.942905169679671,39.4,48.9,34,15.3,1.14,Sunday,12
12/8/14,15557,11.212750958839539,29.8,34,24.8,13.7,0.03,Monday,12
12/9/14,6713,11.398646904017076,38.7,45,25,18.1,0.45,Tuesday,12
12/10/14,10399,11.292754110972208,38.6,45,32,14.8,2.26,Wednesday,12
12/11/14,18141,11.962103338661969,34.2,37,30.2,14.9,0.02,Thursday,12
12/12/14,17892,11.387605261196814,34.5,37.9,30.9,12.7,0.03,Friday,12
12/13/14,12549,16.932308019231275,37.2,44.1,32,13.7,0,Saturday,12
12/14/14,11941,13.483606900594593,40.4,45,35.1,11.3,0,Sunday,12
12/15/14,19382,11.99335982,41.6,48.9,37,5.9,0,Monday,12
12/16/14,16816,11.87185517760863,41.5,48.9,36,5.6,0,Tuesday,12
12/17/14,20346,11.689852223205214,46.5,53.1,36,8.6,0.19,Wednesday,12
12/18/14,19051,11.24447010655609,41,53.1,37.9,15.4,0.03,Thursday,12
12/19/14,17200,11.366994186046508,36.8,43,33.1,13.5,0,Friday,12
12/20/14,9582,11.221432547136997,31.9,37.9,30,7.8,0,Saturday,12
12/21/14,8747,12.430042681300254,33.1,36,30,5.7,0,Sunday,12
12/22/14,13560,12.202332841691248,37.9,43,32,7.1,0,Monday,12
12/23/14,9422,11.695476898040045,44.1,46.4,42.8,9.9,0.17,Tuesday,12
12/24/14,4285,11.677639050952935,44.5,54,42.8,7.8,0.08,Wednesday,12
12/25/14,4890,18.95653033,52.6,63,43,12,0.71,Thursday,12
12/26/14,9895,14.20262758969176,45.3,63,39.9,9.4,0.07,Friday,12
12/27/14,10247,16.139143163852836,47.4,55,39.9,4.6,0,Saturday,12
12/28/14,7902,13.044575213026238,48.1,55,42.1,6.8,0,Sunday,12
12/29/14,13549,13.280457352326126,41.3,52,37.9,10,0.1,Monday,12
12/30/14,12196,11.500896468787584,32.6,44.1,28.9,8,0,Tuesday,12
12/31/14,9739,12.678344799260707,29.4,35.1,27,7.8,0,Wednesday,12
1/1/15,5317,13.363444298163126,31.2,39,27,11.5,0,Thursday,1
1/2/15,11304,12.187349610757256,38.6,42.1,27,12.6,0,Friday,1
1/3/15,4478,10.921404644930771,35.2,42.1,30.9,8.1,0,Saturday,1
1/4/15,7849,11.325903512124682,45.1,57,30.9,8.4,0.85,Sunday,1
1/5/15,14506,10.630196700216006,42.5,57,28.9,18.2,0.13,Monday,1
1/6/15,8739,10.582040279208149,21.2,28.9,17.6,8.7,0,Tuesday,1
1/7/15,9646,9.820182804616767,21.7,25,15.1,14.8,0.05,Wednesday,1
1/8/15,8779,9.9310153016668554,13.2,25,8.1,14.6,0,Thursday,1
1/9/15,7930,10.610964691046663,24,33.1,8.1,13.3,0,Friday,1
1/10/15,6109,9.9337616631199879,21.7,33.1,17.1,13.3,0.06,Saturday,1
1/11/15,7467,10.384540868711218,24.8,37,17.1,8.5,0,Sunday,1
1/12/15,8645,10.394794679005205,36,37.9,19,5.6,0,Monday,1
1/13/15,12797,10.308126904743299,30.2,39,19,12.1,0.39,Tuesday,1
1/14/15,13086,10.383807122115236,22,36,17.1,9.1,0,Wednesday,1
1/15/15,14075,10.556677323860269,29.5,34,17.1,7.6,0,Thursday,1
1/16/15,13843,10.42284668544872,34,42.1,25,13,0,Friday,1
1/17/15,7491,10.954093801450627,22.3,42.1,17.1,11.8,0,Saturday,1
1/18/15,1795,12.057901578458681,32.7,41,17.1,4.6,0,Sunday,1
1/19/15,10710,11.528778400248987,39.4,43,28.9,12.3,1.98,Monday,1
1/20/15,16129,10.797786595573191,37.2,42.1,34,9.6,0,Tuesday,1
1/21/15,15234,10.447485886832085,30.5,39.9,25,7,0,Wednesday,1
1/22/15,15864,10.675724911749876,34,39,25,5.3,0,Thursday,1
1/23/15,15737,10.659342102476124,32.4,39,28,9.9,0,Friday,1
1/24/15,4814,10.505058163689236,35.1,39.9,28,8.3,0.66,Saturday,1
1/25/15,9379,12.021174965348115,37.6,42.1,32,12.8,0.07,Sunday,1
1/26/15,4141,11.085237060291396,26.6,35.1,21.2,14.7,0,Monday,1
1/27/15,1214,15.93785008237232,24.4,30,19.9,14.9,0.45,Tuesday,1
1/28/15,5401,14.174285626118619,23.5,34,17.1,11.7,0.01,Wednesday,1
1/29/15,8870,12.53179819616685,26.3,34,17.1,6.1,0,Thursday,1
1/30/15,9015,10.857901645405802,33.9,37,21,10.8,0.07,Friday,1
1/31/15,5188,10.44636662,20.4,37,12.9,21.5,0.01,Saturday,1
2/1/15,6441,10.635820007245252,27.5,36,12.9,8.8,0,Sunday,2
2/2/15,1459,15.347703906785467,29.6,36,19.9,11.2,0.84,Monday,2
2/3/15,4754,12.787074042911232,19.3,33.1,14,13.4,0.26,Tuesday,2
2/4/15,8973,11.625942642743045,30,39.9,14,5.6,0,Wednesday,2
2/5/15,9208,10.389945337387779,33.2,41,21,12.1,0,Thursday,2
2/6/15,8575,10.618616132167157,18.1,39.9,12,13.3,0,Friday,2
2/7/15,6790,11.441013745704463,29,36,12,7.1,0,Saturday,2
2/8/15,6662,11.115628439907931,33,36,26.1,8.9,0.01,Sunday,2
2/9/15,5160,10.565529715762278,28.9,35.6,25.9,15.3,0.03,Monday,2
2/10/15,10328,10.637577459333857,29.9,39,26.1,11,0.04,Tuesday,2
2/11/15,11439,10.817006148556109,28.4,39,21.9,9.3,0,Wednesday,2
2/12/15,11269,10.797302333836184,32.3,39.9,21.9,6.9,0,Thursday,2
2/13/15,7642,10.38418171508331,17.6,39.9,9,18.2,0,Friday,2
2/14/15,4614,10.43077951163127,22.9,32,9,7.1,0,Saturday,2
2/15/15,2581,9.497643032416379,20.5,32,10.9,19.7,0.01,Sunday,2
2/16/15,3998,9.9301775887943968,10.2,26.1,3.9,15.4,0,Monday,2
2/17/15,4784,10.820833333333338,19.4,28,3.9,6.6,0.11,Tuesday,2
2/18/15,9170,10.799540167211921,24.2,30.9,14,5,0.02,Wednesday,2
2/19/15,7799,9.9255823396161915,22,30.9,15.1,14.9,0,Thursday,2
2/20/15,6159,10.046747307463336,10.9,27,3,18.2,0,Friday,2
2/21/15,3157,9.8488332805405978,20.1,28.9,3,8,0.01,Saturday,2
2/22/15,4274,11.950760411792229,34.1,42.1,14,3.7,0.71,Sunday,2
2/23/15,7458,10.532466255475102,29.3,42.1,16,14,0.11,Monday,2
2/24/15,7402,10.747858686841397,12.4,37.9,6.1,9.9,0,Tuesday,2
2/25/15,10751,10.857537283353484,27.7,37.9,6.1,8.7,0,Wednesday,2
2/26/15,9901,11.258465474867856,26.9,37.9,21,9.3,0,Thursday,2
2/27/15,9864,10.997024533657745,23.7,32,19,7.3,0,Friday,2
2/28/15,6318,10.824021314762055,22.1,30,15.1,7.2,0,Saturday,2
3/1/15,2879,12.341061711242329,26.7,30,15.1,4.4,0,Sunday,3
3/2/15,7283,11.292155247379741,32.2,37.9,24.1,9,0.48,Monday,3
3/3/15,6533,12.700640338792795,28.4,37.9,24.1,9.8,0,Tuesday,3
3/4/15,7514,11.673711294472541,38.9,46.9,24.1,8,0.73,Wednesday,3
3/5/15,1637,15.43091020158827,32.9,44.1,21.2,8.6,0.46,Thursday,3
3/6/15,5162,12.277776701536876,21,41,15.1,7.1,0.38,Friday,3
3/7/15,5590,14.794570661896245,26.8,37.9,15.1,9.3,0,Saturday,3
3/8/15,7898,13.69237992740778,40.2,48,35.1,8.4,0,Sunday,3
3/9/15,14878,12.643708831832237,44.9,54,35.1,6.5,0.02,Monday,3
3/10/15,11781,12.056681662564017,40.7,54,33.1,4.6,0.11,Tuesday,3
3/11/15,19561,13.397417480360581,46.4,60.1,33.1,7.5,0.44,Wednesday,3
3/12/15,17530,12.152317931165618,45.3,60.1,37,16.4,0.02,Thursday,3
3/13/15,16145,12.060395375245172,37.1,46.9,30.9,8.4,0,Friday,3
3/14/15,3906,12.14748677248677,43.6,51.8,37.4,7.1,0.21,Saturday,3
3/15/15,8838,12.096647054386361,44.1,51.1,37,14,0.81,Sunday,3
3/16/15,16787,11.890594904787434,40.2,51.1,36,9.3,0,Monday,3
3/17/15,14857,11.778551075811627,47.9,54,36,10.6,0,Tuesday,3
3/18/15,13842,11.333388720319798,33.7,37.9,28.9,19.6,0.01,Wednesday,3
3/19/15,15446,12.821573007035264,33.5,42.1,28,10.7,0,Thursday,3
3/20/15,8052,11.094823232323229,34.4,42.1,28.9,8.4,0,Friday,3
3/21/15,9338,13.598843435425145,34.9,46.9,28.9,7.1,0.29,Saturday,3
3/22/15,9676,12.476186785172935,39.9,48,28.9,13.8,0.01,Sunday,3
3/23/15,13538,10.822777859851284,30.5,44.1,24.1,12.3,0,Monday,3
3/24/15,16166,11.326275310322073,33.6,44.1,24.1,7.4,0,Tuesday,3
3/25/15,14670,11.68099636446262,39.1,48,26.1,5.7,0,Wednesday,3
3/26/15,14954,11.843317284115733,45.2,57,32,4.4,0.05,Thursday,3
3/27/15,14107,11.577435552089979,44.9,57,37.9,7.7,0.52,Friday,3
3/28/15,1107,12.674495633845224,37.6,46,33.1,10.7,0.28,Saturday,3
3/29/15,9826,14.182955085148247,33.5,46,27,10.3,0,Sunday,3
3/30/15,18075,12.113396957123097,42.2,55,27,10.8,0,Monday,3
3/31/15,14250,12.694670175438599,42.8,55,34,9.6,0,Tuesday,3
4/1/15,20146,13.215563883649361,39.8,51.1,34,8.5,0.14,Wednesday,4
4/2/15,24227,20.767175052627238,49.9,63,34,8.4,0,Thursday,4
4/3/15,14774,13.698973421776996,59.2,63,39,9.5,0,Friday,4
4/4/15,14355,15.031241147103222,52,63,46.9,14.3,0.04,Saturday,4
4/5/15,13799,18.106378481532477,50.1,62.1,43,11.2,0,Sunday,4
4/6/15,23391,15.093338606016561,46.7,62.1,39,7.8,0,Monday,4
4/7/15,16262,11.673802935268307,50.6,60.1,39,7.7,0.01,Tuesday,4
4/8/15,17872,13.848690689346462,43,57,39.9,12.3,0.16,Wednesday,4
4/9/15,16546,11.794970587050242,39.3,46,37,12.4,0,Thursday,4
4/10/15,16317,12.313068170211027,43,57.2,39.2,6.9,0.25,Friday,4
4/11/15,18643,16.437951688748235,55.3,57.2,51.1,14.7,0.24,Saturday,4
4/12/15,19954,19.100768434065014,51.3,64.9,44.1,7.6,0,Sunday,4
4/13/15,24925,15.158399197592775,55.6,64.9,44.1,8,0,Monday,4
4/14/15,22703,12.626147792509068,59.3,64.9,46.9,7,0,Tuesday,4
4/15/15,27594,16.236471696745671,59.1,70,51.1,7.4,0,Wednesday,4
4/16/15,27180,13.467742825607068,56.5,70,46.9,7.4,0,Thursday,4
4/17/15,24175,15.087127886935539,59.7,71.1,46.9,9,0.08,Friday,4
4/18/15,28174,22.166673173848224,66,79,54,5.7,0,Saturday,4
4/19/15,21475,18.129433449747772,57.6,79,50,8.8,0,Sunday,4
4/20/15,11202,11.984380765339525,50.6,61,45,13.2,0,Monday,4
4/21/15,24868,16.30488110557075,57.4,66.9,45,9,0.95,Tuesday,4
4/22/15,21997,12.904648361140152,58.8,66.9,50,8.9,0.07,Wednesday,4
4/23/15,22074,14.395430521578932,47.4,66.9,42.1,13.5,0.1,Thursday,4
4/24/15,20981,14.680193985034077,43.4,50,39,16.1,0,Friday,4
4/25/15,21082,18.383447965088692,46.1,60.1,39,11.8,0,Saturday,4
4/26/15,21594,18.999813219721528,52,61,39,5.2,0,Sunday,4
4/27/15,25501,13.120946237402455,53.8,61,45,9.9,0,Monday,4
4/28/15,29795,14.786426134138841,57.2,72,48.9,11.5,0,Tuesday,4
4/29/15,31532,14.744549452408132,64.2,75.9,51.1,8.8,0,Wednesday,4
4/30/15,29252,15.552346278317154,52.4,75.9,46.9,13.1,0,Thursday,4
5/1/15,27924,14.358900348565152,52.6,64,46.9,7.6,0,Friday,5
5/2/15,25743,19.347873855675974,53.9,69.1,48,4.7,0,Saturday,5
5/3/15,27694,20.460286223249309,59.5,75.9,48,6.4,0,Sunday,5
5/4/15,32066,16.651919998336769,66.5,82,51.1,7.1,0,Monday,5
5/5/15,33012,16.947328244274807,72.7,82,54,7.5,0,Tuesday,5
5/6/15,30313,14.547862853121329,65.3,81,59,6.4,0,Wednesday,5
5/7/15,34871,15.368028352116847,64.6,75.9,52,5.2,0,Thursday,5
5/8/15,34304,16.277496793376862,64.2,79,52,6.3,0,Friday,5
5/9/15,24329,19.635189828325597,58,79,53.1,8.4,0,Saturday,5
5/10/15,26573,20.346503970195307,66.3,82,53.1,6,0.01,Sunday,5
5/11/15,32382,16.478707306528321,74.4,82.9,57,9.4,0,Monday,5
5/12/15,35225,15.161436006624081,74.9,87.1,64,9.1,0,Tuesday,5
5/13/15,33402,15.45486547711714,65.1,87.1,57.9,15.3,0,Wednesday,5
5/14/15,40826,16.91159677656395,59.7,72,52,8.5,0,Thursday,5
5/15/15,34945,15.999832117136453,63.2,73.9,52,7.6,0,Friday,5
5/16/15,23882,18.769493760991544,65.2,75,55.9,6.5,0.01,Saturday,5
5/17/15,30969,19.89008255567397,70.4,82.9,57,3.2,0.28,Sunday,5
5/18/15,31559,16.207773271227435,63.6,75.9,55.4,7.5,0.02,Monday,5
5/19/15,33895,14.039197030043765,61.6,82,55,6.2,0.01,Tuesday,5
5/20/15,33823,13.874159102780153,62,82,55,13.2,0,Wednesday,5
5/21/15,31214,13.769075308088253,57.1,66,53.1,7,0,Thursday,5
5/22/15,31891,15.433476529428367,61.8,75,53.1,9.9,0,Friday,5
5/23/15,23910,20.412528927924157,59.3,75,50,11.5,0,Saturday,5
5/24/15,25151,21.735675188527956,65.7,81,50,8.7,0,Sunday,5
5/25/15,28164,20.071817450172787,72.5,82.9,55.9,8.8,0,Monday,5
5/26/15,35786,15.203880008942042,75.2,86,64.9,10.3,0,Tuesday,5
5/27/15,33710,13.713029763670525,73.5,86,66.9,9.9,0,Wednesday,5
5/28/15,35934,13.981679838964032,73.4,84,66.9,7,0.02,Thursday,5
5/29/15,37756,15.598865081046716,73,84,64,7.2,0,Friday,5
5/30/15,31147,18.942095546922658,73.1,82.9,64,9.8,0,Saturday,5
5/31/15,19586,18.385298172163797,74.6,86,66,9.6,0,Sunday,5
6/1/15,15283,10.937380313638249,57.4,86,54,13.8,1.69,Monday,6
6/2/15,11984,11.233344459279042,52,57.9,50,10.2,0.47,Tuesday,6
6/3/15,34590,13.803870097330636,58.2,69.1,50,7.3,0.24,Wednesday,6
6/4/15,32772,13.391322368688719,58.1,69.1,53.1,9.4,0,Thursday,6
6/5/15,31294,13.494241707675595,59.5,68,54,6.5,0,Friday,6
6/6/15,26334,18.094258373205736,65.7,73.9,55.9,7.3,0.55,Saturday,6
6/7/15,30773,19.354561899500641,65.3,73.9,57,7.6,0,Sunday,6
6/8/15,33585,14.490926008634807,67.5,77,57,11.6,0,Monday,6
6/9/15,35412,13.748893501261342,73.3,84.9,62.1,10.1,0.05,Tuesday,6
6/10/15,39350,15.831412960609915,74.2,84.9,66,8.2,0.01,Wednesday,6
6/11/15,37400,14.352853832442069,80.2,91.9,66,8.8,0,Thursday,6
6/12/15,35136,14.597696569520341,80.7,91.9,71.1,7.7,0,Friday,6
6/13/15,29980,19.425647098065372,80.5,88,71.1,10.1,0,Saturday,6
6/14/15,28184,18.834916974169747,77,87.1,68,6.3,0,Sunday,6
6/15/15,25087,13.001108808014775,70.3,79,62.6,9,0.79,Monday,6
6/16/15,32147,13.381549859499595,68.1,79,62.6,7.1,0.02,Tuesday,6
6/17/15,38030,14.446373038828996,73.9,79,64,8.3,0.34,Wednesday,6
6/18/15,35464,13.128899729302955,66.8,69.8,64.4,7.5,0,Thursday,6
6/19/15,37380,14.673340913144283,73.2,84.9,64.9,6,0,Friday,6
6/20/15,23580,16.72804919,69.5,84.9,64,8.3,0,Saturday,6
6/21/15,25926,18.059541901308855,75,90,64,9.4,0.25,Sunday,6
6/22/15,37677,15.116288009484121,79.6,90,69.1,10.1,0.29,Monday,6
6/23/15,32294,13.689253421688239,84.4,91.9,72,10.3,0,Tuesday,6
6/24/15,41070,15.155445580715849,77.1,91.9,69.1,10.1,0.07,Wednesday,6
6/25/15,39673,14.255832262075806,76.8,84.9,69.1,6,0,Thursday,6
6/26/15,38614,15.524874397886769,74.8,84.9,69.1,7.7,0,Friday,6
6/27/15,15485,15.897769884834785,69,80.1,62.1,8.5,0,Saturday,6
6/28/15,20591,17.467263205607619,64.2,73.9,60.1,12.4,1.32,Sunday,6
6/29/15,38037,15.260375862099187,71.3,78.1,62.1,10.1,0.26,Monday,6
6/30/15,38087,14.458011044888458,75.3,82,64,9.5,0,Tuesday,6
7/1/15,37539,14.627503396467679,76.4,84.9,70,9.7,0.35,Wednesday,7
7/2/15,35559,17.682446544241024,75.7,84.9,70,6.4,0,Thursday,7
7/3/15,26928,18.451265102000388,73.5,81,66.9,4.8,0,Friday,7
7/4/15,21706,22.563756565005061,71.8,81,66.9,6.9,0,Saturday,7
7/5/15,25920,19.966261574074068,75.1,84.9,69.1,4.6,0,Sunday,7
7/6/15,35251,15.052033039251846,77.1,84.9,70,6.2,0,Monday,7
7/7/15,36837,14.438571273447886,79.5,88,71.1,9.2,0,Tuesday,7
7/8/15,35047,14.531237576207188,82,89.1,75,7.7,0,Wednesday,7
7/9/15,31978,15.268790522650988,73.8,89.1,68,6.4,0.09,Thursday,7
7/10/15,38559,15.947274739144339,75.8,84,68,9.4,0.29,Friday,7
7/11/15,31719,18.817512637010413,78.6,86,72,3.8,0,Saturday,7
7/12/15,31037,20.149660620120066,81.1,89.1,72,4.9,0,Sunday,7
7/13/15,38485,15.629013035381755,80.4,89.1,73,6.9,0,Monday,7
7/14/15,35802,14.039480103532391,76.1,84.9,71.1,6.8,0,Tuesday,7
7/15/15,34979,14.368374834424467,75.9,81,71.1,6.5,0.95,Wednesday,7
7/16/15,42356,16.969341612365032,72.1,81,64,8.7,0.01,Thursday,7
7/17/15,39595,16.055936776529023,73.5,80.1,64,9,0,Friday,7
7/18/15,28870,18.415917907862834,76.3,86,68,9.5,0,Saturday,7
7/19/15,28531,19.219338614139005,84.3,93.9,72,5.9,0.18,Sunday,7
7/20/15,34889,15.001682478718216,89.1,95,78.1,7.1,0,Monday,7
7/21/15,38499,14.462454436045959,86,95,80.1,6.3,0,Tuesday,7
7/22/15,42557,15.674898763227356,77.1,91.9,71.1,11.8,0,Wednesday,7
7/23/15,42175,14.830885595732072,77.1,86,71.1,9.2,0,Thursday,7
7/24/15,40330,15.098046532771303,78.2,84.9,71.1,5.4,0,Friday,7
7/25/15,31639,20.197454091469378,78.1,84.9,71.1,6.3,0,Saturday,7
7/26/15,30543,18.382597212672849,79.8,89.1,71.1,9.6,0,Sunday,7
7/27/15,38747,15.524270696225939,79.9,89.1,75,8.6,0.05,Monday,7
7/28/15,40434,14.023608844042144,82.8,93.9,75.9,5,0,Tuesday,7
7/29/15,39428,13.73574067498563,86.3,95,75.9,5.8,0,Wednesday,7
7/30/15,31166,13.443922864660207,82.1,95,75,8.8,0,Thursday,7
7/31/15,38571,14.983280616698211,81.1,91,73.9,6.8,1.62,Friday,7
8/1/15,35179,19.966555331305607,83.7,91,73.9,7.8,0,Saturday,8
8/2/15,31622,19.153534986191062,81,90,73,6.5,0,Sunday,8
8/3/15,38888,14.867800692587259,82.5,91.9,73,9.1,0,Monday,8
8/4/15,40783,14.24581688448618,83.1,91,69.8,9.7,0.3,Tuesday,8
8/5/15,41075,14.349636437411242,80.5,91,70,6.3,0,Wednesday,8
8/6/15,42283,14.349701219560261,76.3,88,64.9,6.7,0,Thursday,8
8/7/15,40999,15.606476580729613,75.8,82,69.1,8.3,0,Friday,8
8/8/15,38723,21.161636925513687,74.7,82,69.1,6,0,Saturday,8
8/9/15,32716,24.251738700737658,75.7,87.1,69.1,6.8,0,Sunday,8
8/10/15,39870,20.88307875595687,74.5,84,70,8.5,0,Monday,8
8/11/15,25066,21.170636852043934,75.1,82.4,71.1,10.9,0.67,Tuesday,8
8/12/15,42994,18.275141492611372,77.3,84.9,71.1,9.4,0.51,Wednesday,8
8/13/15,42170,17.915154928464155,75.7,84.9,69.1,7.6,0,Thursday,8
8/14/15,39983,16.06932362920908,78.9,88,69.1,5.2,0,Friday,8
8/15/15,37821,21.430396252522851,81.4,91.9,71.1,6.5,0,Saturday,8
8/16/15,30344,19.528532274365055,82.8,91.9,73.9,4.9,0,Sunday,8
8/17/15,37449,14.142313101373427,84.7,93,77,4.8,0,Monday,8
8/18/15,39916,14.111271169455858,83.4,93,77,8.5,0,Tuesday,8
8/19/15,40726,15.054147637054133,80.2,89.1,75.9,9.6,0,Wednesday,8
8/20/15,39280,14.207862780040728,81,87.1,75.9,11,0,Thursday,8
8/21/15,38038,14.394969504180033,78.7,87.1,71.1,9.1,0.32,Friday,8
8/22/15,34277,19.970484095263103,76.6,86,70,6.8,0,Saturday,8
8/23/15,33071,18.21814329,75.8,84,70,5.9,0,Sunday,8
8/24/15,38943,14.512043670663958,78.5,86,71.1,5.5,0,Monday,8
8/25/15,41655,16.29378866082503,80.6,88,73,8.3,0,Tuesday,8
8/26/15,42832,14.303074803884945,76.9,88,69.1,9.3,0,Wednesday,8
8/27/15,43173,14.394793427991262,74.2,82.9,68,9,0,Thursday,8
8/28/15,41755,15.329681076118629,73.1,82.9,66,5.3,0,Friday,8
8/29/15,34381,21.110881979387841,76.8,84.9,66,5.3,0,Saturday,8
8/30/15,32913,18.776983765280189,79.1,90,70,7.4,0,Sunday,8
8/31/15,40119,14.145808303630037,82.7,91.9,72,7.5,0.08,Monday,8
9/1/15,43291,14.21552940180022,82.6,91.9,75.9,6.3,0,Tuesday,9
9/2/15,43225,15.431706188548295,80.2,88,75,5.6,0,Wednesday,9
9/3/15,42879,13.919988417018434,82.6,93,75,4.9,0,Thursday,9
9/4/15,39956,15.866640804885369,80.3,93,75,8.6,0,Friday,9
9/5/15,34005,20.368827623388722,72.9,84,66.9,8.7,0,Saturday,9
9/6/15,33199,20.810108738215011,73.9,84,66.9,5.1,0,Sunday,9
9/7/15,33682,19.942311917344579,77.8,90,66.9,7.9,0,Monday,9
9/8/15,42766,15.736452243994451,83.3,95,71.1,7.8,0,Tuesday,9
9/9/15,44005,13.642563723819263,81.1,88,75.2,10.4,0,Wednesday,9
9/10/15,22253,12.542506628319774,75.3,89.1,72,8.5,0.66,Thursday,9
9/11/15,47613,15.510684406919681,72.4,81,66,8.8,0.52,Friday,9
9/12/15,33661,19.277701692364065,74.6,81,66,7.2,0,Saturday,9
9/13/15,34794,20.105077503784177,72.6,79,68,8.8,0.22,Sunday,9
9/14/15,44668,16.586815318945707,66.6,79,59,12.8,0.05,Monday,9
9/15/15,48729,17.10102369,73.2,84,59,6.2,0,Tuesday,9
9/16/15,51179,16.262160586698972,76.8,87.1,64.9,2.7,0,Wednesday,9
9/17/15,50705,17.223370147585708,78,87.1,68,4.1,0,Thursday,9
9/18/15,50285,17.841787478041834,76.9,87.1,70,5,0,Friday,9
9/19/15,43011,23.090150194136374,73.9,84.9,69.1,7.7,0,Saturday,9
9/20/15,40462,22.248878371476124,73.3,80.1,69.1,10.8,0,Sunday,9
9/21/15,47180,16.602875865479728,65.4,75.9,59,11,0,Monday,9
9/22/15,48685,16.310683304234708,66.3,73,59,10.8,0,Tuesday,9
9/23/15,48366,17.723571655019366,67.6,79,59,6.3,0,Wednesday,9
9/24/15,52706,17.991786197649848,69.9,81,59,6.4,0,Thursday,9
9/25/15,51368,18.57582574105799,68.5,81,63,9.7,0,Friday,9
9/26/15,42560,21.346217496867158,65.9,70,60.8,9.5,0,Saturday,9
9/27/15,38285,20.841134038570377,62.2,70,55.9,9.1,0,Sunday,9
9/28/15,48011,17.792971749529617,68.5,79,55.9,6.3,0,Monday,9
9/29/15,48725,17.201326150162476,74.7,82.9,64.9,5.5,0,Tuesday,9
9/30/15,39445,14.548676215827944,73.2,82.9,66,10.6,1.05,Wednesday,9
10/1/15,34719,18.449217527386541,59.4,78.1,54,13.6,0.06,Thursday,10
10/2/15,9444,18.695468022024567,53.9,57.9,50,16.3,0.13,Friday,10
10/3/15,16564,20.158481244465911,51.6,55,48.2,21.6,1.45,Saturday,10
10/4/15,30214,20.876187639284215,57.1,63,48.9,18.2,0.02,Sunday,10
10/5/15,44581,18.537194469990958,57.2,64.9,51.8,11.5,0,Monday,10
10/6/15,49719,17.548851210469504,62.4,73,52,5,0,Tuesday,10
10/7/15,50141,16.422139566422693,64.6,73,55,5.5,0,Wednesday,10
10/8/15,50179,18.025071244943106,64.2,73,59,5.9,0,Thursday,10
10/9/15,37283,21.964734597537753,66.9,78.1,60.1,7.7,0,Friday,10
10/10/15,39345,23.57990553649341,60,78.1,52,8.1,0.5,Saturday,10
10/11/15,38967,25.43378927468541,59.7,70,52,6.2,0,Sunday,10
10/12/15,45584,18.562714256464265,64.5,75.9,53.1,6.4,0,Monday,10
10/13/15,49047,16.98147321,66.1,75.9,55.9,6.8,0,Tuesday,10
10/14/15,49998,15.807131618598081,64.5,73,59,9.2,0,Wednesday,10
10/15/15,48783,17.141100041681185,58.5,68,52,9.1,0,Thursday,10
10/16/15,46484,17.561983334767508,59,64,52,10,0,Friday,10
10/17/15,31809,20.511525564043712,52.9,64,48,11.6,0,Saturday,10
10/18/15,23978,16.756904245558431,44.4,55,39,11.4,0,Sunday,10
10/19/15,36570,16.252126515358679,43.5,53.1,37,8.1,0,Monday,10
10/20/15,45376,16.729051334038552,56,71.1,37,10.5,0,Tuesday,10
10/21/15,49121,16.535452589863123,65.5,75.9,48.9,5.9,0,Wednesday,10
10/22/15,49604,17.312967368222996,65,75.9,57,7.2,0,Thursday,10
10/23/15,44679,17.506105030700486,60,75.9,52,11,0,Friday,10
10/24/15,31713,19.284232543961991,48.3,64.9,41,7.7,0,Saturday,10
10/25/15,29289,19.48444126,59.3,68,41,9.1,0.01,Sunday,10
10/26/15,42165,15.205814854342071,53,68,48,8.4,0.02,Monday,10
10/27/15,44553,14.859671252964635,52.2,59,46,6,0,Tuesday,10
10/28/15,20736,14.432488586676953,56.9,70,46,12.7,0,Wednesday,10
10/29/15,45358,16.448131898819764,67.6,73.9,51.1,13.5,1.26,Thursday,10
10/30/15,44518,15.936337361666448,56.8,73.9,51.1,13.4,0.01,Friday,10
10/31/15,31756,20.491124511903266,49,60.1,43,7.8,0,Saturday,10
11/1/15,30622,20.19616778786494,57.3,64.9,43,7.1,0,Sunday,11
11/2/15,44534,16.637726605889132,60.2,64.9,53.1,4.9,0,Monday,11
11/3/15,49326,18.015803700550084,61.3,73,51.1,2.5,0,Tuesday,11
11/4/15,49487,16.941281548689552,61.5,73,51.1,3.6,0,Wednesday,11
11/5/15,43006,15.28793772961912,62,71.1,55,3.3,0,Thursday,11
11/6/15,47162,17.097363696761516,68.3,75,57,7.5,0,Friday,11
11/7/15,35586,21.318811236628633,65.9,75,57,9.2,0,Saturday,11
11/8/15,32317,19.788492640612272,53.5,72,48,9.9,0,Sunday,11
11/9/15,42262,15.837494676068337,53,60.1,46,2.9,0,Monday,11
11/10/15,21585,13.018756080611533,56,60.1,46,9.6,0,Tuesday,11
11/11/15,37705,14.937811077222296,53.2,59,50,12.7,0.5,Wednesday,11
11/12/15,37319,13.343849424332557,55.2,60.1,50,8,0.23,Thursday,11
11/13/15,38970,14.53943674621504,56.8,60.1,51.1,16.1,0.01,Friday,11
11/14/15,25299,17.232278614437995,47.8,59,45,16.2,0,Saturday,11
11/15/15,25990,18.13698602026421,47.4,59,42.1,8.5,0,Sunday,11
11/16/15,40916,15.260485303222861,58.8,68,42.1,5.7,0,Monday,11
11/17/15,38939,14.368553806380923,49.1,68,41,10.7,0,Tuesday,11
11/18/15,41485,13.985746655417618,50.5,59,41,7.3,0,Wednesday,11
11/19/15,21890,14.644936805238311,59.7,64,45,11.7,0,Thursday,11
11/20/15,38205,16.313732059503554,58.9,64.4,53.1,12.5,1.16,Friday,11
11/21/15,28038,16.867668877951353,47.2,64,43,8.7,0,Saturday,11
11/22/15,23343,16.721426837453059,52.1,55.9,43,7.9,0,Sunday,11
11/23/15,30136,13.275741084859744,41.8,55.9,36,13.2,0,Monday,11
11/24/15,32218,13.300495582179733,39.2,46.9,33.1,7.2,0,Tuesday,11
11/25/15,30295,15.09555207,44,48.9,33.1,6.5,0,Wednesday,11
11/26/15,13291,23.749510947257541,48.1,60.1,39.9,3.9,0,Thursday,11
11/27/15,22824,18.52700739,55.6,64.9,41,5,0,Friday,11
11/28/15,15830,17.995388502842705,57.2,64.9,46.9,6.8,0,Saturday,11
11/29/15,18452,15.968623997398657,43,46.9,37.9,8.7,0.03,Sunday,11
11/30/15,30213,12.731424111033885,39.8,46,33.8,10.5,0,Monday,11
12/1/15,18399,12.880604924180663,47.1,53.6,44.1,9.6,0.13,Tuesday,12
12/2/15,23782,13.507134247189756,48.1,55.4,46,5.1,0.24,Wednesday,12
12/3/15,33917,13.151216204263346,51.4,57.2,46.9,11.5,0.1,Thursday,12
12/4/15,34737,14.553756321309654,46.9,55.9,44.1,10.5,0,Friday,12
12/5/15,26358,21.226578268457384,47.1,52,43,4.1,0,Saturday,12
12/6/15,24943,19.680364564540486,47.1,53.1,39.9,3.6,0,Sunday,12
12/7/15,34139,14.107047658103641,48.8,55,39.9,4.5,0,Monday,12
12/8/15,35614,13.692017184253386,45.3,55,41,6.5,0,Tuesday,12
12/9/15,35306,14.534629147076039,45.7,53.1,39,4.2,0,Wednesday,12
12/10/15,39099,14.727249631277868,55,61,39,6,0,Thursday,12
12/11/15,39060,15.879403481822838,54.3,61,48.9,5.4,0,Friday,12
12/12/15,31957,20.004699544179168,59,66,48.9,3.6,0,Saturday,12
12/13/15,32001,19.657040925804406,57.1,66,53.1,3.3,0,Sunday,12
12/14/15,32518,13.526458166758923,53.7,62.1,51.1,5.6,0,Monday,12
12/15/15,38661,13.750234517127508,60.7,64.4,55,12.4,0.39,Tuesday,12
12/16/15,35643,13.286628978106966,50,64,45,10.8,0.11,Wednesday,12
12/17/15,21961,14.378934626534919,53.4,59,48,6.5,0.05,Thursday,12
12/18/15,30704,14.703712328469688,51.1,59,43,9.6,0.88,Friday,12
12/19/15,17778,14.95487306,39.2,57,36,15.5,0.01,Saturday,12
12/20/15,17030,16.171584458798197,39.8,44.1,36,12,0,Sunday,12
12/21/15,29800,12.92418903803132,45.6,55,36,8,0,Monday,12
12/22/15,22941,13.471548029001928,56.8,62.6,55,6.4,0,Tuesday,12
12/23/15,14817,13.37780364896178,54.2,62.1,50,6.1,0.18,Wednesday,12
12/24/15,18447,18.842397137745973,64,72,50,9.2,1.46,Thursday,12
12/25/15,12333,34.913612530068377,60.3,72,54,2.3,0.01,Friday,12
12/26/15,13914,23.211406976187053,54.5,64,50,7.7,0.03,Saturday,12
12/27/15,13177,21.124116516151886,52.4,62.6,46,6.8,0.14,Sunday,12
12/28/15,18889,14.818268127834541,44.8,62.1,39,11.7,0.02,Monday,12
12/29/15,13347,12.112379810694041,40.2,46.9,33.8,12.7,0.37,Tuesday,12
12/30/15,22477,15.9217185,41.8,48,34,4.8,0.13,Wednesday,12
12/31/15,20376,16.815838895432535,47,48.2,46,5.7,0.17,Thursday,12
1/1/16,11009,20.21896781,41.9,50,39,11.8,0.03,Friday,1
1/2/16,14587,17.119549370444005,37.3,43,34,11.9,0,Saturday,1
1/3/16,15499,15.743290965008496,40,46.9,34,9.9,0,Sunday,1
1/4/16,19593,12.859374946834752,33.7,46.9,21,13.9,0,Monday,1
1/5/16,18053,11.37125131557082,19.5,37.9,12.9,13.8,0,Tuesday,1
1/6/16,24569,13.925138724951504,32.2,43,12.9,4.2,0,Wednesday,1
1/7/16,27773,12.897569581968101,39,48,26.1,3.7,0,Thursday,1
1/8/16,28709,14.043273886237769,40.3,48,32,7,0,Friday,1
1/9/16,20846,14.839802999776134,43.7,48,34,10.8,0,Saturday,1
1/10/16,14275,15.183514302393458,50.9,59,41,12.7,0.63,Sunday,1
1/11/16,22937,11.935826394035837,37.8,59,30.9,16,0.79,Monday,1
1/12/16,25211,12.20320362804596,32.9,45,26.1,9,0,Tuesday,1
1/13/16,21133,13.283152731115631,29.3,45,24.1,16.9,0,Wednesday,1
1/14/16,23780,13.019561956826463,28.7,39,24.1,11,0,Thursday,1
1/15/16,28435,14.487640818240431,40.2,52,24.1,4.8,0,Friday,1
1/16/16,19178,16.918041505892166,46.3,52,34,9.6,0.24,Saturday,1
1/17/16,12024,16.351681359503218,38.9,46.9,30.2,9.5,0.02,Sunday,1
1/18/16,12718,12.472764323530953,29,44.1,24.1,15,0.05,Monday,1
1/19/16,17281,11.166679204521342,22.8,33.1,18,19,0,Tuesday,1
1/20/16,23420,12.554346712211787,32.1,37.9,18,13,0,Wednesday,1
1/21/16,23672,13.704975639292552,32.6,37.9,28,10.8,0,Thursday,1
1/22/16,20950,14.860442322991249,27.3,37.9,21.9,10.5,0,Friday,1
1/27/16,6761,17.990472316718432,44.4,48.9,35.1,10.3,0.01,Wednesday,1
1/28/16,11946,16.815265918857079,37.9,48,28.9,5.4,0,Thursday,1
1/29/16,16028,14.059549954246735,39.8,44.1,28.9,8,0,Friday,1
1/30/16,12973,15.286832909375883,34,42.1,30,10.4,0,Saturday,1
1/31/16,16118,16.035860528601567,42.4,55.9,30,6.8,0,Sunday,1
2/1/16,24334,13.25067943344018,50.5,59,37,6.5,0,Monday,2
2/2/16,28528,14.370903439895308,45.5,59,37.9,5,0,Tuesday,2
2/3/16,16203,11.663013022279829,48.1,57,37.9,9,0,Wednesday,2
2/4/16,27766,15.733332132824319,54,57.9,42.1,8.2,0.69,Thursday,2
2/5/16,13670,13.922404291636186,39.4,57.9,32,13.7,0.31,Friday,2
2/6/16,16933,16.371742553987286,36,44.1,32,9.3,0.05,Saturday,2
2/7/16,17605,15.890264129508665,39.6,46,32,5,0,Sunday,2
2/8/16,19026,12.806705736010375,36.7,39.9,30.2,13.5,0,Monday,2
2/9/16,22741,13.106703750934432,30.2,41,27,8.3,0.06,Tuesday,2
2/10/16,22420,13.478496134403805,35.4,39.9,27,7.6,0.01,Wednesday,2
2/11/16,18748,13.523118021477845,28.1,39.9,23,17.3,99.99,Thursday,2
2/12/16,16449,15.263371633533954,21.7,32,17.1,12.3,0.05,Friday,2
2/13/16,6625,13.904042767295596,21.6,27,10.9,17,0,Saturday,2
2/14/16,4653,15.776377247653842,8.3,24.1,1,15.8,0,Sunday,2
2/15/16,5884,11.873243825062312,19.1,30.9,1,6.2,0,Monday,2
2/16/16,14542,12.414541787007748,46.1,57.2,30.9,13.4,0.49,Tuesday,2
2/17/16,23572,12.86050115956785,39.9,57,35.1,12.6,0.8,Wednesday,2
2/18/16,22261,14.314943922854619,33.9,41,28.9,12.8,0,Thursday,2
2/19/16,21959,13.206008925725213,30.2,37.4,25,7.6,0,Friday,2
2/20/16,24484,20.461634128410388,47.4,62.1,25,10.1,0,Saturday,2
2/21/16,20052,19.637280570516658,53.1,62.1,39.9,8.4,0,Sunday,2
2/22/16,28233,14.050746762063309,46,57,39,6.1,0.05,Monday,2
2/23/16,16133,12.878113184156692,38.8,53.1,36,13,0,Tuesday,2
2/24/16,9761,11.923438513813471,39.8,55.4,35.6,14,0.3,Wednesday,2
2/25/16,25102,12.412082038615782,52.7,61,36,17.1,1.48,Thursday,2
2/26/16,22573,12.972426497733277,36.6,41,33.1,17.7,0.02,Friday,2
2/27/16,17226,16.949139866093891,32.6,42.1,28,11.5,0,Saturday,2
2/28/16,25437,20.957101204282473,46.3,61,28,10.1,0,Sunday,2
2/29/16,27954,13.314709284300399,51.2,61,39,9.4,0,Monday,2
3/1/16,30509,15.124711287379682,46.6,61,39.9,11.4,0.07,Tuesday,3
3/2/16,26195,13.532020741871857,46.5,55.9,36,15.1,0.17,Wednesday,3
3/3/16,24061,13.285572087610662,31.5,36,27,11.9,0,Thursday,3
3/4/16,17369,12.661628955802481,33.7,42.1,27,10,0.04,Friday,3
3/5/16,18023,16.747829625108654,34.8,42.1,30,9.4,0.04,Saturday,3
3/6/16,18832,16.34574217643727,37.8,46.9,30,4.5,0,Sunday,3
3/7/16,31492,16.197380287057037,45.1,61,33.1,9.3,0,Monday,3
3/8/16,36521,15.03219061179413,53.9,64,37,5.8,0,Tuesday,3
3/9/16,41490,18.328602876195063,54,75,41,5.3,0,Wednesday,3
3/10/16,42252,17.652698886048785,70,78.1,64,6.7,0,Thursday,3
3/11/16,38195,18.275407775886894,61.2,78.1,54,9.7,0.04,Friday,3
3/12/16,32771,22.656505243457122,49.6,66,41,7.2,0,Saturday,3
3/13/16,27550,22.446108892921959,56.7,64,41,5.6,0,Sunday,3
3/14/16,10930,12.24170936261055,47.6,64,41,12,0.02,Monday,3
3/15/16,31596,15.491558530615691,48,57,41,12.8,0.17,Tuesday,3
3/16/16,36067,16.425101431594907,53.5,64.9,44.1,3.2,0,Wednesday,3
3/17/16,35390,16.21275737025525,52.2,64.9,45,7.6,0.02,Thursday,3
3/18/16,34647,15.460024917982313,53,64,45,13.3,0.04,Friday,3
3/19/16,24048,18.363905522288754,43.5,57,37,7,0,Saturday,3
3/20/16,16678,19.044263900547637,38.9,46.9,33.1,12.7,0,Sunday,3
3/21/16,26414,13.608512531233439,39.6,50,33.1,10.4,0.14,Monday,3
3/22/16,33497,15.566450726930766,43.8,55,37,13.6,0.07,Tuesday,3
3/23/16,40983,17.209375838762409,57.4,71.1,50,9.1,0,Wednesday,3
3/24/16,36495,15.035235420377218,50.1,71.1,44.1,11.2,0,Thursday,3
3/25/16,34097,19.251851580295433,55.9,73,44.1,7.9,0,Friday,3
3/26/16,27478,25.452501395055439,47,73,39,10.5,0.07,Saturday,3
3/27/16,22483,21.431044196355764,45.8,54,39,6.8,0,Sunday,3
3/28/16,20345,14.658629474891461,47.3,62.1,42.8,11.2,0.19,Monday,3
3/29/16,31481,14.373479770867084,49.7,63,43,21.8,0.32,Tuesday,3
3/30/16,33684,16.178734216047175,45.4,53.1,39,10.7,0,Wednesday,3
3/31/16,38348,18.082657939570947,57.2,70,39,11.1,0,Thursday,3
4/1/16,34449,17.703992859008967,62.6,79,48.9,9.1,0,Friday,4
4/2/16,21839,18.661319199597052,56.3,79,48.9,6.9,0.01,Saturday,4
4/3/16,15322,18.475351346647521,42.3,61,35.1,19.7,0.24,Sunday,4
4/4/16,12302,11.236617352192052,39.7,50,35.1,9.4,0.11,Monday,4
4/5/16,26238,15.076870061234347,33.3,45,27,13.3,0.5,Tuesday,4
4/6/16,29365,15.281174300471084,39,48,27,9.9,0,Wednesday,4
4/7/16,30402,13.857027498190904,52,60.1,32,12.8,0,Thursday,4
4/8/16,30817,16.405474792052008,48.9,60.1,44.1,13.7,0.15,Friday,4
4/9/16,12702,20.656682674644415,41.1,46.9,37.4,8.1,0,Saturday,4
4/10/16,23229,20.432587139638663,40.5,50,33.1,11.5,0.07,Sunday,4
4/11/16,32048,14.772181311366291,50.2,61,33.1,11.7,0,Monday,4
4/12/16,23765,13.984453327722843,53.2,61,44.1,10.9,0.04,Tuesday,4
4/13/16,37539,15.087523642078908,48.4,57.9,42.1,8.8,0.19,Wednesday,4
4/14/16,38505,16.651420594727956,49.9,61,42.1,6.5,0,Thursday,4
4/15/16,39676,15.267669371912493,50.8,63,43,5.2,0,Friday,4
4/16/16,36148,21.125675002766407,52.6,64.9,44.1,6.7,0,Saturday,4
4/17/16,38843,24.615982287670874,55.8,73.9,45,4.5,0,Sunday,4
4/18/16,43994,17.210900350047741,62.5,80.1,48,4.4,0,Monday,4
4/19/16,46075,15.246389943931996,65.5,80.1,48.9,8.6,0,Tuesday,4
4/20/16,44547,17.056459095636818,58.8,69.1,51.1,10.7,0,Wednesday,4
4/21/16,45570,15.988536317752907,58.8,70,50,8.2,0,Thursday,4
4/22/16,48815,19.966507562566157,70,78.1,50,7.1,0,Friday,4
4/23/16,33647,23.983271911314528,66.5,78.1,61,8.7,0.14,Saturday,4
4/24/16,37866,23.703855701684891,56.5,69.1,48,9.7,0,Sunday,4
4/25/16,42308,17.729564542560908,56.6,68,48,6.5,0,Monday,4
4/26/16,34643,16.306175850821234,54.4,68,50,9.4,0.19,Tuesday,4
4/27/16,41931,17.220674043865717,51.1,57.9,46.4,7.9,0.11,Wednesday,4
4/28/16,37428,15.516839442841368,53.3,60.1,46.9,8.3,0,Thursday,4
4/29/16,34878,18.542412600110861,52,59,48,7.8,0,Friday,4
4/30/16,38258,25.188611096589817,52.8,63,46.9,6.2,0.02,Saturday,4
5/1/16,10697,14.554683556137235,50.1,63,46.9,7.3,0,Sunday,5
5/2/16,38537,17.375605694959816,50.6,61,44.6,6.1,0.15,Monday,5
5/3/16,22858,16.129716073147257,54.5,62.1,45,7.3,0.73,Tuesday,5
5/4/16,31619,13.670899880873316,51.3,55,48.9,9,0.07,Wednesday,5
5/5/16,39903,15.952207018686982,51.8,57.9,46.9,11.6,0.02,Thursday,5
5/6/16,18860,14.942227819017317,52.2,57.9,46.9,13,0.38,Friday,5
5/7/16,31078,20.771490550657475,52.3,57.2,48.2,8.7,0.18,Saturday,5
5/8/16,31197,21.021818337233281,55.4,64.9,48.9,9.8,0.07,Sunday,5
5/9/16,45724,17.347089420581462,62.9,73.9,48.9,9.9,0.08,Monday,5
5/10/16,44849,15.381039339412995,59.1,73.9,51.1,7.6,0,Tuesday,5
5/11/16,51181,16.623003653699627,63,73.9,51.1,5.4,0,Wednesday,5
5/12/16,52273,16.94152462,66.2,78.1,53.1,5.7,0,Thursday,5
5/13/16,32391,16.224954462659383,61.6,78.1,55.9,5.7,0,Friday,5
5/14/16,42063,23.048131770598083,66.2,73,57.9,6.8,0.25,Saturday,5
5/15/16,28661,20.685222660293309,56,73,48,15.4,0,Sunday,5
5/16/16,42787,17.327288272917784,52.8,68,44.1,16.9,0,Monday,5
5/17/16,43396,15.650359480136412,62.3,68,44.1,9.2,0,Tuesday,5
5/18/16,44803,16.130900088535739,59.3,69.1,55,7.2,0,Wednesday,5
5/19/16,49182,16.149817006221792,60.9,71.1,55,5.3,0,Thursday,5
5/20/16,52543,18.398681397458589,64.4,78.1,55.9,5.7,0,Friday,5
5/21/16,30519,19.704298961302793,62.4,78.1,57,6.3,0,Saturday,5
5/22/16,37802,19.757680369645346,60.7,71.1,54,6.5,0.18,Sunday,5
5/23/16,48578,15.865359147487892,65,77,54,6,0.11,Monday,5
5/24/16,34796,14.567491474115798,65.6,77,55.9,5.3,0.26,Tuesday,5
5/25/16,53439,16.455156034606439,74.4,90,60.1,3.9,0.02,Wednesday,5
5/26/16,52133,15.94689991623987,82.2,91.9,60.1,7.2,0,Thursday,5
5/27/16,46937,17.443640056529674,76.6,91.9,55,7.2,0,Friday,5
5/28/16,34222,21.961184325872242,79.9,91.9,66.9,8.4,0,Saturday,5
5/29/16,36877,24.45147246,80,91.9,73,9.1,0,Sunday,5
5/30/16,32619,19.592957580959954,73.5,87.1,69.1,6.6,1.53,Monday,5
5/31/16,49756,15.286392595867834,76.7,86,69.1,7.5,0,Tuesday,5
6/1/16,54665,18.269959145095889,76,84,68,6.7,0,Wednesday,6
6/2/16,54401,16.11356899,68.9,82.9,62.1,9.2,0,Thursday,6
6/3/16,38975,15.665131922172328,66.3,73.9,62.1,6.3,0,Friday,6
6/4/16,40977,21.640899773043405,72.8,82.9,63,5.5,0.02,Saturday,6
6/5/16,22397,17.383874328407082,69.3,82.9,66,7.5,0.27,Sunday,6
6/6/16,52149,16.091471872263451,75.1,87.1,66.9,9.1,0.67,Monday,6
6/7/16,51812,15.050389549396536,79.3,87.1,68,9.1,0,Tuesday,6
6/8/16,42250,13.552358185404342,64.9,87.1,55,13,0.01,Wednesday,6
6/9/16,52905,15.755235800018902,63.6,73.9,55,17.1,0.44,Thursday,6
6/10/16,53299,16.033148214162864,67.9,78.1,55.9,12,0,Friday,6
6/11/16,41030,18.50436956698351,74.6,90,59,7,0,Saturday,6
6/12/16,40637,19.728615957542797,80.2,90,64,14,0.1,Sunday,6
6/13/16,49069,15.067314054358832,66,86,59,16.9,0,Monday,6
6/14/16,54813,15.484833889770673,69,81,59,11.2,0,Tuesday,6
6/15/16,55049,15.635799620943761,75.3,87.1,60.1,6.2,0,Wednesday,6
6/16/16,46198,14.328816904050681,73.3,87.1,66,4.4,0.12,Thursday,6
6/17/16,54236,16.921548418024933,71.2,77,66,6.4,0,Friday,6
6/18/16,48901,20.863376345405346,73,86,63,5.3,0,Saturday,6
6/19/16,45270,21.224787570871069,75.1,86,63,7.5,0,Sunday,6
6/20/16,52247,15.858149431227311,73.4,84,66,6.9,0,Monday,6
6/21/16,53564,14.265951323027908,80.8,89.1,66,10,0,Tuesday,6
6/22/16,55749,15.746382894760444,77.9,89.1,66.9,8.8,0,Wednesday,6
6/23/16,53206,14.599842749564583,74.3,86,66.9,6.8,0,Thursday,6
6/24/16,54186,15.930940648876092,74.7,84.9,68,8.7,0,Friday,6
6/25/16,43000,20.470972868217068,73.3,84.9,64.9,8,0,Saturday,6
6/26/16,42992,19.894191555017983,75.8,86,64.9,7.5,0,Sunday,6
6/27/16,47023,14.955021656069013,75.7,86,69.1,9.9,0,Monday,6
6/28/16,49593,14.705213101311335,72.6,84,69.1,9.3,0.54,Tuesday,6
6/29/16,54882,14.842684304507852,75.7,87.1,70,5.5,0.07,Wednesday,6
6/30/16,54843,14.294404026037965,77.6,87.1,70,6.9,0,Thursday,6
7/1/16,39669,17.035908391943334,76.9,87.1,70,8.4,0,Friday,7
7/2/16,35837,20.68864953,72.9,81,68,11.5,0.28,Saturday,7
7/3/16,35348,23.127338180377965,75.4,82,68,7.3,0,Sunday,7
7/4/16,34860,20.668269745649262,76.7,86,69.1,7.8,0,Monday,7
7/5/16,43744,14.842111299073395,76,89.1,69.1,6.3,1.08,Tuesday,7
7/6/16,51353,14.844884102843714,85.8,96.1,69.1,5.3,0.57,Wednesday,7
7/7/16,48742,14.10726170448484,85.1,96.1,77,7.3,0,Thursday,7
7/8/16,44419,16.502004772732388,78.8,93,73.9,6.5,0.02,Friday,7
7/9/16,38142,17.583796951741739,70.3,86,66,9,0.01,Saturday,7
7/10/16,41991,20.96528779976661,73,81,66.9,7,0.41,Sunday,7
7/11/16,52870,15.011559170291907,74.5,82,68.5,8.7,0,Monday,7
7/12/16,56537,16.041030062908661,76.6,84,69.1,8.1,0,Tuesday,7
7/13/16,55486,16.676759302646911,78.1,86,71.1,8.8,0,Wednesday,7
7/14/16,50350,15.634059582919564,80.4,91,73,7.8,0,Thursday,7
7/15/16,48572,15.101955173076396,86.6,91.9,75,6.4,0.5,Friday,7
7/16/16,38406,18.126586991615895,84.1,91.9,77,8,0,Saturday,7
7/17/16,41347,20.469013068259702,83.1,93,77,5.1,0,Sunday,7
7/18/16,43687,15.443204690945437,86.3,97,77,8.5,0,Monday,7
7/19/16,54593,15.406976474395375,80.2,97,75.9,10.9,0.12,Tuesday,7
7/20/16,57225,15.270819571865443,77.9,88,71.1,7.2,0,Wednesday,7
7/21/16,54842,15.428570560276187,80.9,91,71.1,8.3,0,Thursday,7
7/22/16,49191,15.723654394774114,85.1,98.1,75,11.3,0,Friday,7
7/23/16,37523,18.093327647931496,89.5,99,75.9,11,0,Saturday,7
7/24/16,39637,21.143647349698519,85.2,99,75.9,7,0,Sunday,7
7/25/16,35379,14.396699077607249,84.3,93.9,75.9,8.2,0.02,Monday,7
7/26/16,52912,15.439079666868261,81.7,93.9,75,8.3,0.77,Tuesday,7
7/27/16,54163,15.903475004461843,84.5,93.9,75,6.6,0,Wednesday,7
7/28/16,50151,14.930211428153649,84.7,93.9,77,6.1,0,Thursday,7
7/29/16,37703,15.57184220530638,78.1,93.9,71.1,8.3,0.89,Friday,7
7/30/16,27780,17.541447684185265,78.4,84.9,71.1,7.2,0.13,Saturday,7
7/31/16,27651,16.085205477800681,77.7,84,75,8.1,0.18,Sunday,7
8/1/16,49401,15.414388710080093,74.2,82.9,71.1,10.4,0.57,Monday,8
8/2/16,56764,14.98637223122636,74.2,80.1,71.1,10.5,0,Tuesday,8
8/3/16,57003,15.262554017624806,74.2,81,68,7.5,0,Wednesday,8
8/4/16,56604,16.34465114361765,75.6,84,68,5.9,0,Thursday,8
8/5/16,53297,16.137032103120251,77.4,86,70,8.1,0,Friday,8
8/6/16,44213,19.816802750322303,80.8,91,72,8.8,0,Saturday,8
8/7/16,43631,19.053288945932945,81.5,91,73.9,9.2,0,Sunday,8
8/8/16,52262,15.647659229778172,80.8,89.1,73.9,7.1,0,Monday,8
8/9/16,56112,14.844586125368304,80.8,89.1,75,6.5,0,Tuesday,8
8/10/16,50114,14.844030942783784,81.5,89.1,75,9.3,0.01,Wednesday,8
8/11/16,47430,14.217371565113497,86.8,97,75.9,7.2,0.05,Thursday,8
8/12/16,44750,16.519986964618255,86.5,98.1,75.9,7.9,0.56,Friday,8
8/13/16,38912,18.487508566337727,89.2,98.1,75.9,7,0.07,Saturday,8
8/14/16,32961,17.39538849,90.7,97,82,8.6,0,Sunday,8
8/15/16,49063,14.42039724435929,84.6,98.1,78.1,5.6,0.01,Monday,8
8/16/16,50426,14.790182643874193,84.9,93,78.1,9,0,Tuesday,8
8/17/16,53989,15.480586786197186,82.8,91,78.1,11.7,0.13,Wednesday,8
8/18/16,53218,15.552684242173706,80.3,88,75,5.4,0.02,Thursday,8
8/19/16,51669,16.083249143587061,81.6,89.1,75,6.6,0,Friday,8
8/20/16,45817,21.147449636597774,79,89.1,75,6.3,0.02,Saturday,8
8/21/16,35051,20.343998269188706,80.7,89.1,75,9.7,0.12,Sunday,8
8/22/16,54404,15.145024569271865,76,89.1,71.1,15.1,0.13,Monday,8
8/23/16,58674,16.090486416470672,74.3,84,66.9,6.4,0,Tuesday,8
8/24/16,58154,15.984386571287729,78.6,89.1,66.9,6.4,0,Wednesday,8
8/25/16,53487,16.07905721639526,78.6,89.1,71.1,10.6,0,Thursday,8
8/26/16,52037,16.261287481343405,83.6,91,73,8.7,0.01,Friday,8
8/27/16,45674,19.996362262994261,82.4,91,75.9,8.2,0,Saturday,8
8/28/16,44639,19.58572735,80.7,89.1,73.9,6.3,0,Sunday,8
8/29/16,53288,15.807719686733726,82.1,91,73.9,8.6,0,Monday,8
8/30/16,57405,15.320482246029675,79,91,72,9,0,Tuesday,8
8/31/16,57214,14.513126157933376,80.5,90,72,7.5,0,Wednesday,8
9/1/16,38187,13.335008423459991,76.9,90,73,5.6,0.03,Thursday,9
9/2/16,53007,16.309208217782565,75,82.9,68,9.2,0.31,Friday,9
9/3/16,41630,19.121974137240759,73.5,82.9,68,10.8,0,Saturday,9
9/4/16,46023,21.001488748379437,72.1,81,66,9.5,0,Sunday,9
9/5/16,45436,19.362901663878858,73.8,84,66,10.8,0,Monday,9
9/6/16,52447,14.600942221035844,77.8,84,66.9,15.2,0,Tuesday,9
9/7/16,60500,15.659115977961431,77.2,86,71.6,11.2,0.01,Wednesday,9
9/8/16,61596,14.537538963569059,79,88,72,6,0,Thursday,9
9/9/16,56813,14.74308198241013,86.5,93,73,7.5,0,Friday,9
9/10/16,48455,17.357957555119867,82.2,93,75.9,7.1,0.05,Saturday,9
9/11/16,52245,19.22680862602483,80.6,91,75.9,11.5,0,Sunday,9
9/12/16,61103,16.013179112864073,71.3,84,64,8.2,0,Monday,9
9/13/16,64839,15.124181691060421,73.2,82,64,7.7,0,Tuesday,9
9/14/16,59203,14.403582307202901,78,91.9,68,8.5,0,Wednesday,9
9/15/16,67331,15.071359403543687,70.4,91.9,63,10.3,0.37,Thursday,9
9/16/16,65275,15.404889825098936,68.5,75,63,6.4,0,Friday,9
9/17/16,59200,19.254599662162168,69.2,78.1,64,6.3,0,Saturday,9
9/18/16,51686,17.32267312876472,76.3,84.9,64,8.8,0,Sunday,9
9/19/16,34217,13.569371949615688,75.2,84.9,72,5.9,0.31,Monday,9
9/20/16,64891,14.961962881344618,75.4,84,71.1,5.1,0.47,Tuesday,9
9/21/16,65463,14.889102240960543,77.6,84.9,71.1,4,0,Wednesday,9
9/22/16,67810,14.726635697783019,76.8,86,70,5.8,0,Thursday,9
9/23/16,65517,15.437967245142485,77.2,89.1,69.1,4.3,0,Friday,9
9/24/16,53259,17.905720785845283,68.5,89.1,59,9.5,0.44,Saturday,9
9/25/16,53568,18.010823626045408,64.2,72,57.9,6.8,0.2,Sunday,9
9/26/16,61386,14.318692644359736,65.6,73,57,7.2,0,Monday,9
9/27/16,61346,14.143505960725502,70.5,75.9,57,8.4,0.15,Tuesday,9
9/28/16,59464,13.587116574734292,67.6,75.9,62.1,10.8,0,Wednesday,9
9/29/16,55578,12.945873966917361,63.2,71.1,60.1,18.2,0,Thursday,9
9/30/16,21381,11.51355486958826,62.1,66.9,60.1,21.8,0,Friday,9
4/1/17,23849,18.603828252756934,42.2,48,39,17.2,1.78,Saturday,4
4/2/17,39780,23.513796715267304,50.6,63,39,9.7,0.01,Sunday,4
4/3/17,43485,18.11945076846423,56.4,63,43,7,0,Monday,4
4/4/17,29991,16.879809498405077,50.1,63,45,11.3,1.6,Tuesday,4
4/5/17,47636,19.631894295630765,51.7,63,45,5.4,0.03,Wednesday,4
4/6/17,18020,16.070371809100997,46,53.1,42.8,12.1,0.02,Thursday,4
4/7/17,35779,12.251440789289804,50.1,54,43,13.2,0.83,Friday,4
4/8/17,35936,19.264894998515885,47.4,57.9,42.1,16,0,Saturday,4
4/9/17,43896,23.299745231152425,54.4,68,42.1,8.8,0,Sunday,4
4/10/17,50424,21.018310063990683,61.3,73,46,7.6,0,Monday,4
4/11/17,57310,23.409557959634746,67.4,78.1,52,7.9,0,Tuesday,4
4/12/17,51188,14.593362376598682,63.9,78.1,54,4.3,0,Wednesday,4
4/13/17,52915,15.516411540520959,58.5,77,50,9.8,0.03,Thursday,4
4/14/17,52232,19.175458212079441,57.2,66,50,7.1,0,Friday,4
4/15/17,42531,19.468383061766712,57.2,66,50,8.4,0,Saturday,4
4/16/17,48140,30.834774269491763,70.8,88,52,9.5,0,Sunday,4
4/17/17,53247,15.313219524104644,70.9,88,60.1,12.2,0,Monday,4
4/18/17,53809,14.697618737881514,59.2,73,51.1,10.2,0,Tuesday,4
4/19/17,45787,12.65950961335459,50,64.9,46,11,0,Wednesday,4
4/20/17,44264,19.711147885414782,54.4,66,46,6.7,0.19,Thursday,4
4/21/17,39868,13.169335891776189,52.3,66,48.9,11.2,0.3,Friday,4
4/22/17,34596,16.986248410220835,51.8,55.9,48,6.9,0.02,Saturday,4
4/23/17,49107,20.696603674968276,54.7,64.9,48,7,0.07,Sunday,4
4/24/17,48692,14.03116186,53.5,64.9,48,6,0,Monday,4
4/25/17,20332,11.593425798413007,52.8,59,48,16.3,0.07,Tuesday,4
4/26/17,37727,12.711058834963461,55.2,62.1,50,11.9,0.73,Wednesday,4
4/27/17,52035,14.989963486115114,62,69.1,53.1,5.1,0.13,Thursday,4
4/28/17,62199,16.742810173797007,66.6,84.9,55,5.9,0.01,Friday,4
4/29/17,57701,22.421804936945055,76.9,88,55,8.8,0.06,Saturday,4
4/30/17,42928,17.93472442,64.7,88,55.9,10.1,0,Sunday,4
5/1/17,56218,15.693653574774396,55.9,73,50,9.3,0,Monday,5
5/2/17,61207,17.97880797947947,70.5,78.1,50,12.9,0,Tuesday,5
5/3/17,59252,17.574413240621986,64.3,78.1,61,14.1,0,Wednesday,5
5/4/17,57429,16.835364246867144,57.7,66.9,51.1,8.9,0,Thursday,5
5/5/17,24009,12.928580254626739,56,66,51.1,11.4,0.01,Friday,5
5/6/17,46618,17.841924792998405,62.4,66.9,53.1,13.8,2.31,Saturday,5
5/7/17,34293,15.373477094450761,56.1,66.9,53.1,12.2,0.01,Sunday,5
5/8/17,51553,14.05776256150628,53.4,62.1,48,12.5,0,Monday,5
5/9/17,56461,13.922706528990515,55.6,64,48,9.2,0,Tuesday,5
5/10/17,58454,15.49098294,56.8,64.9,48.9,6.2,0,Wednesday,5
5/11/17,57208,13.885394525241225,57.1,64.9,52,6.4,0,Thursday,5
5/12/17,56675,14.965937068078224,56.5,64,52,6.9,0,Friday,5
5/13/17,5704,19.468972066386169,53.2,55.9,48,11.1,0.13,Saturday,5
5/14/17,38729,17.567197707144519,55.4,70,46.9,13.4,1.61,Sunday,5
5/15/17,54715,14.220029547046815,61.7,70,46.9,17.8,0.01,Monday,5
5/16/17,64504,15.439990026458311,68.8,82.9,54,10.3,0,Tuesday,5
5/17/17,65794,17.138806476781067,79.2,93.9,59,6.8,0,Wednesday,5
5/18/17,63753,15.253955892271742,88.1,97,66,10.1,0,Thursday,5
5/19/17,62143,15.827023156268607,87.9,97,80.1,11,0,Friday,5
5/20/17,47859,18.145077205959176,67.3,96.1,61,10.9,0.01,Saturday,5
5/21/17,54874,21.245994763761821,62.4,71.1,57,7.9,0,Sunday,5
5/22/17,24627,12.423489124402758,59.8,71.1,57,7.5,0.11,Monday,5
5/23/17,60032,15.90623278695807,63.4,70,57,4.9,0.53,Tuesday,5
5/24/17,60622,16.644185279271543,62.8,70,57,7.4,0.03,Wednesday,5
5/25/17,17495,11.630573497189669,58.4,69.1,55.9,11.7,0.1,Thursday,5
5/26/17,53768,17.633706541685264,63.5,75.9,55.9,11.1,0.89,Friday,5
5/27/17,46534,20.084620922336345,67.4,75.9,57,8,0.12,Saturday,5
5/28/17,46727,24.947691199235276,64.5,72,57.9,6.8,0,Sunday,5
5/29/17,26322,15.230585315198946,59.1,71.1,55.9,9.5,0.13,Monday,5
5/30/17,50194,14.597552164269299,58.3,64,55,7.6,0.03,Tuesday,5
5/31/17,59495,15.222119785976416,63.1,78.1,55,6.6,0.08,Wednesday,5
6/1/17,67403,15.789940111468828,69.4,82,57.9,6.9,0.05,Thursday,6
6/2/17,66907,16.272086378605128,70.6,82,60.1,8.8,0,Friday,6
6/3/17,56264,19.403297549646904,66.1,79,59,9.2,0,Saturday,6
6/4/17,40138,17.706767070274214,66,73.9,59,6.3,0,Sunday,6
6/5/17,55883,15.639769995645668,61.8,71.1,59,7.9,0.06,Monday,6
6/6/17,41268,12.379238554489351,58,66.9,55,11.5,0.02,Tuesday,6
6/7/17,64453,15.883515119544475,58.6,70,52,8,0.03,Wednesday,6
6/8/17,62653,15.590405620374661,63.9,71.1,52,5.4,0,Thursday,6
6/9/17,66506,19.486973105183495,66.7,82.9,55.9,7.2,0,Friday,6
6/10/17,57087,21.407791032400837,78.1,88,55.9,7.6,0,Saturday,6
6/11/17,51427,20.406840116410955,83.7,93.9,66.9,9,0,Sunday,6
6/12/17,57871,15.694316669834629,86.7,96.1,75,8.5,0,Monday,6
6/13/17,60921,15.213903798908968,89.7,100.9,75.9,8.5,0,Tuesday,6
6/14/17,60513,17.423499633687531,78.8,93.9,71.6,7.8,0.48,Wednesday,6
6/15/17,64763,18.41413950352311,70.7,82.9,64,8.1,0.02,Thursday,6
6/16/17,56403,16.594723684910381,65.6,75.9,63,9.1,0,Friday,6
6/17/17,34900,18.477302769818529,67,73.9,63,7,0,Saturday,6
6/18/17,49472,22.722582807783535,75.3,84,64,8.8,1.26,Sunday,6
6/19/17,38310,16.131654920386318,78.5,87.1,70,11.1,0,Monday,6
6/20/17,64673,17.394913127064875,76.9,87.1,70,11,1.23,Tuesday,6
6/21/17,67218,17.44870942,80.3,87.1,70,8.7,0.01,Wednesday,6
6/22/17,66308,17.513423719611517,77.1,87.1,68,7.6,0,Thursday,6
6/23/17,55323,16.401218601064055,81.2,87.1,68,9.3,0,Friday,6
6/24/17,52153,20.705803756894777,79.5,87.1,70,10,0.96,Saturday,6
6/25/17,54655,23.203702009575213,78.2,86,70,7.1,0.18,Sunday,6
6/26/17,62669,20.131003366895914,74,84,66.9,9,0,Monday,6
6/27/17,64767,16.471872764422208,71.2,81,62.1,7.7,0.16,Tuesday,6
6/28/17,67752,19.712283032235209,71.5,81,62.1,10.1,0,Wednesday,6
6/29/17,64272,17.414588000995771,76.2,82.9,64,10.9,0,Thursday,6
6/30/17,58662,19.612318025297455,80.2,89.1,69.1,11.7,0,Friday,6
7/1/17,36737,23.083911315567402,79,89.1,73.9,9.4,0,Saturday,7
7/2/17,43036,26.901029370759364,79.8,91,73,7.4,0.07,Sunday,7
7/3/17,48193,21.414255873951266,83.3,91,73,7.2,0,Monday,7
7/4/17,49924,25.360597441444327,77.8,90,70,4.2,0.12,Tuesday,7
7/5/17,60321,18.00627089515536,76.7,87.1,70,7.6,0,Wednesday,7
7/6/17,62147,17.693810642508893,74.5,84.9,69.1,7.1,0,Thursday,7
7/7/17,44068,15.803184094278544,72.4,82,68,8.4,0.01,Friday,7
7/8/17,55015,20.278051137568539,78.5,87.1,68,7.5,2.13,Saturday,7
7/9/17,57118,20.397538137423112,76.3,87.1,70,8.5,0,Sunday,7
7/10/17,60907,16.566612759343474,78.7,88,70,8,0,Monday,7
7/11/17,61671,15.85264684103279,80.5,89.1,72,8.5,0,Tuesday,7
7/12/17,61786,15.488337703255318,84.2,91,75,9.1,0,Wednesday,7
7/13/17,56475,17.33239221,86,93.9,78.1,9.1,0,Thursday,7
7/14/17,31851,16.518075308990827,69.8,93.9,64.9,8.4,0.01,Friday,7
7/15/17,56499,18.995504640200128,73.7,86,64.9,6.9,0.47,Saturday,7
7/16/17,56833,21.48952515850533,78,86,66.9,6.6,0.01,Sunday,7
7/17/17,62555,16.636904857059125,80.1,87.1,71.1,7.2,0,Monday,7
7/18/17,66234,16.656136073114517,80.5,88,75,7.9,0,Tuesday,7
7/19/17,63915,16.217755091397425,84.8,93.9,75.9,7.6,0,Wednesday,7
7/20/17,59663,15.186770136712315,87.2,98.1,77,5,0,Thursday,7
7/21/17,60072,15.763409741643361,84.4,98.1,77,8.7,0,Friday,7
7/22/17,48011,18.969343830927631,85.3,93.9,77,7.5,0,Saturday,7
7/23/17,46942,17.4802888,76.4,91,72,5.4,0.6,Sunday,7
7/24/17,43792,15.022174521982704,70.2,80.1,64,11.1,0.46,Monday,7
7/25/17,65336,14.882792283988413,65.8,73,62.1,9.1,0.45,Tuesday,7
7/26/17,70323,16.075239964165348,70.5,78.1,62.1,7.5,0,Wednesday,7
7/27/17,65769,14.640754762882208,72.2,78.1,64.9,7.9,0,Thursday,7
7/28/17,63899,15.266647887030057,76.9,84,66.9,5.8,0,Friday,7
7/29/17,52947,17.363740155249584,73.3,84,68,13.2,0,Saturday,7
7/30/17,59342,19.029697347578448,72.9,82,66,7,0,Sunday,7
7/31/17,64218,14.69978225212038,77.7,89.1,66,5.3,0,Monday,7
8/1/17,66677,17.66634772,81.3,91,70,5.1,0,Tuesday,8
8/2/17,56184,20.026276164032456,79.6,91,69.1,6.1,0,Wednesday,8
8/3/17,66149,19.157882205324356,76.2,88,69.1,6.2,0.08,Thursday,8
8/4/17,56394,18.536455414878656,78.1,87.1,70,10,0.1,Friday,8
8/5/17,58971,24.419910068790877,76.3,84.9,70,10,0.82,Saturday,8
8/6/17,56476,22.546589996930855,72,80.1,66,10.9,0.16,Sunday,8
8/7/17,23395,12.287061337892705,70.2,78.1,66,5.8,0,Monday,8
8/8/17,65233,18.123004971921159,70.3,80.1,64.9,7.1,0.43,Tuesday,8
8/9/17,67884,21.832384165144465,76.5,84.9,64.9,5.2,0,Wednesday,8
8/10/17,66249,16.363312905352029,77.5,86,68,6,0,Thursday,8
8/11/17,63140,19.479002481258586,75.9,86,71.1,7.7,0,Friday,8
8/12/17,60540,23.132614524832068,71.8,82,64.9,5.9,0.17,Saturday,8
8/13/17,57518,21.75249139,76.8,84.9,64.9,8,0.16,Sunday,8
8/14/17,61482,23.302006549342355,76.6,84.9,71.1,5.8,0,Monday,8
8/15/17,52461,15.563273034571715,73.2,77,69.1,5.3,0.32,Tuesday,8
8/16/17,68436,17.916156457614896,76.8,86,69.1,4.8,0.12,Wednesday,8
8/17/17,66656,17.591802438390143,76.4,86,70,7,0,Thursday,8
8/18/17,36620,17.119950391407244,77.3,82.9,70,7.7,0.01,Friday,8
8/19/17,62442,24.20079060034379,80.1,89.1,73,7.5,0.9,Saturday,8
8/20/17,55442,20.311299496170182,78.7,89.1,71.1,10.4,0,Sunday,8
8/21/17,61059,18.411591520769512,80.8,88,71.1,6.7,0,Monday,8
8/22/17,60541,19.689789839392589,81.5,91,75,8.6,0,Tuesday,8
8/23/17,65070,20.257814148865325,78.2,84,73.4,11.1,0.25,Wednesday,8
8/24/17,66307,19.998282232645124,75.2,82,69.1,6.8,0.02,Thursday,8
8/25/17,64217,16.986893657442739,72.3,81,66,6,0,Friday,8
8/26/17,50109,19.136690015765634,71,78.1,64,5.7,0,Saturday,8
8/27/17,54598,22.603337423837253,70.2,77,64,7.1,0,Sunday,8
8/28/17,60886,16.823883706161244,69.8,77,64,9.3,0,Monday,8
8/29/17,35152,14.879735150204819,66.5,75,64,11.6,0,Tuesday,8
8/30/17,65329,16.343364100680148,67.5,80.1,61,10.6,0.32,Wednesday,8
8/31/17,64881,15.472770148425576,74,82,61,9.8,0.01,Thursday,8
9/1/17,54881,16.895487205651012,65.4,82,55.9,10.7,0,Friday,9
9/2/17,37812,21.403479935822848,63.2,72,55.9,7.9,0,Saturday,9
9/3/17,30955,20.100291283045284,62.6,72,55.9,9.8,0.79,Sunday,9
9/4/17,55285,22.741680383467486,71.3,82,59,11.2,0.4,Monday,9
9/5/17,65445,17.34460895917692,76.4,84.9,64,8.8,0,Tuesday,9
9/6/17,42295,13.882774953698226,69.9,84.9,62.1,7,0,Wednesday,9
9/7/17,69519,16.865664782289731,65.4,73,60.8,8.3,0.44,Thursday,9
9/8/17,69574,15.893449181207538,67.5,75,61,10.6,0,Friday,9
9/9/17,60155,18.967705926356913,63.7,73,57.9,9.1,0,Saturday,9
9/10/17,60711,18.793300225659273,65,73,59,9.7,0,Sunday,9
9/11/17,71917,16.345572674054814,67.7,78.1,59,5.1,0,Monday,9
9/12/17,74580,15.460779476177704,71.9,82,59,2.9,0,Tuesday,9
9/13/17,69566,16.056317022683498,74,84,63,4.9,0,Wednesday,9
9/14/17,72071,14.615057373978438,75.1,84,66.9,7,0.02,Thursday,9
9/15/17,72297,17.24702039273183,76.6,82.9,70,6.3,0,Friday,9
9/16/17,61036,18.35468794,74.2,82,69.1,5.8,0,Saturday,9
9/17/17,59967,18.680991767694461,72.8,81,69.1,5.1,0,Sunday,9
9/18/17,64130,14.65827147980664,70.6,81,68,8.7,0,Monday,9
9/19/17,57910,13.97003165832038,72.3,78.1,68,13.7,0,Tuesday,9
9/20/17,71150,15.325442492386973,73.9,78.1,69.1,13.3,0.19,Wednesday,9
9/21/17,67742,15.094857449342113,75.8,79,71.1,10.2,0,Thursday,9
9/22/17,70127,17.240455411848032,73.8,81,68,11.5,0,Friday,9
9/23/17,62687,21.878944331892303,76.5,86,68,10,0,Saturday,9
9/24/17,57458,18.536830380451811,79.5,91,70,3.5,0,Sunday,9
9/25/17,69200,14.692419315992289,77.5,91,71.1,5.5,0,Monday,9
9/26/17,71518,14.116304053991067,73.7,86,68,5.6,0,Tuesday,9
9/27/17,69897,14.354635868969106,75,84,68,7.2,0,Wednesday,9
9/28/17,70883,14.306545528076782,74.1,84,68,11.8,0,Thursday,9
9/29/17,67177,14.832269477152398,63.3,77,57,9,0,Friday,9
9/30/17,50153,15.510478602144104,62.1,70,55.9,9.4,0,Saturday,9
10/1/17,55505,20.975704591177962,58.8,70,52,6.8,0,Sunday,10
10/2/17,65511,16.055658082866486,64.5,73.9,52,4.8,0,Monday,10
10/3/17,69105,15.444736270892118,64,73.9,55.9,5.2,0,Tuesday,10
10/4/17,71454,17.479944906280025,64.8,75,57.9,6.8,0,Wednesday,10
10/5/17,70174,15.332242473470709,73,84,57.9,9.5,0,Thursday,10
10/6/17,70257,26.954173486864896,74.7,84,66,7,0,Friday,10
10/7/17,63635,26.912435242659953,72.4,82,66,6.4,0,Saturday,10
10/8/17,41044,27.229053373615315,74,82,66,9.3,0,Sunday,10
10/9/17,38391,15.025982218054574,73.9,80.1,71.1,9,0.39,Monday,10
10/10/17,74118,15.892096161975948,75.1,81,69.1,8.4,0.21,Tuesday,10
10/11/17,63589,15.352759911305412,70.8,81,68,7,0,Wednesday,10
10/12/17,61248,21.156885667014972,62.7,78.1,59,14.4,0.07,Thursday,10
10/13/17,67020,17.568579279816962,59.1,68,53.1,11.2,0.03,Friday,10
10/14/17,58777,22.402013826269918,65.7,73,53.1,6.6,0.03,Saturday,10
10/15/17,56529,16.607031199325416,69.8,75,62.1,6.8,0,Sunday,10
10/16/17,61730,13.429257519304498,62.6,75,55,14,0.01,Monday,10
10/17/17,64480,14.584902036807284,51.8,71.1,45,8.7,0,Tuesday,10
10/18/17,70234,16.483878415961879,60,73.9,45,6.2,0,Wednesday,10
10/19/17,72311,15.955407890915627,64.7,73.9,52,7.9,0,Thursday,10
10/20/17,72173,17.638841856834745,66.9,73.9,57.9,9.7,0,Friday,10
10/21/17,65874,18.130275981419068,67.7,79,59,4.6,0,Saturday,10
10/22/17,62150,20.691869670152855,66.7,75.9,57.9,4.5,0,Sunday,10
10/23/17,69274,16.22145971071398,66.9,75.9,57.9,7.1,0,Monday,10
10/24/17,48077,13.248867788478206,70.8,75.9,61,17.4,0.04,Tuesday,10
10/25/17,71287,16.319445106868478,64.8,75.9,61,5.5,0.09,Wednesday,10
10/26/17,64003,14.974387398507357,58,68,53.1,10.5,0,Thursday,10
10/27/17,69268,18.718623799349384,55.7,63,51.1,8.9,0,Friday,10
10/28/17,61348,21.18242349655517,60.9,68,51.1,9,0,Saturday,10
10/29/17,9537,14.528385935479358,64,68,54,10.3,0.1,Sunday,10
10/30/17,49247,13.980375454342397,57.1,68,46.9,15.9,2.79,Monday,10
10/31/17,60242,13.936887055542639,53.8,62.1,46.9,13.2,0.05,Tuesday,10
11/1/17,60773,14.487495269280767,51.4,57.9,46.9,7.8,0,Wednesday,11
11/2/17,70810,15.926368921527089,63,72,46.9,6.7,0,Thursday,11
11/3/17,71818,17.543681946030247,66.1,75,57.9,7.6,0,Friday,11
11/4/17,53435,21.41534419,53.1,75,48,10.3,0,Saturday,11
11/5/17,34943,14.415929752263207,54.8,61,48,7.8,0.02,Sunday,11
11/6/17,57606,14.303749898737403,62.6,66,52,7.8,0.08,Monday,11
11/7/17,36362,14.375742991767961,48,66,42.1,10.3,0,Tuesday,11
11/8/17,54211,14.70585459285631,43.4,51.1,39.9,9.5,0.6,Wednesday,11
11/9/17,58417,15.011814768531995,47.6,55.9,39.9,6.5,0,Thursday,11
11/10/17,38432,13.714919858451291,44.4,55.9,30.9,15.2,0,Friday,11
11/11/17,28142,13.736916945016937,31,37.9,26.1,11.3,0,Saturday,11
11/12/17,32471,14.865645755699962,39.5,46.9,26.1,4.3,0,Sunday,11
11/13/17,38753,12.488074901728032,45.4,50,34,6.2,0,Monday,11
11/14/17,52279,13.640246561716946,43,50,39,8.3,0.05,Tuesday,11
11/15/17,54230,12.714872764152684,43.5,51.1,37.9,7.4,0,Wednesday,11
11/16/17,49737,13.12145016118115,52.2,59,37.9,10.2,0.7,Thursday,11
11/17/17,48991,14.67311649078402,45.5,59,41,16.8,0.08,Friday,11
11/18/17,27745,14.609453354958852,44,52,36,7.2,0,Saturday,11
11/19/17,31598,15.503607823279953,53.5,60.1,36,15.7,0.33,Sunday,11
11/20/17,45121,12.479933216610155,43.1,60.1,37,13.1,0.02,Monday,11
11/21/17,52451,15.00182583109315,49.1,59,37,11.2,0,Tuesday,11
11/22/17,32298,15.141786901149709,51.7,59,43,8.7,0,Wednesday,11
11/23/17,13705,17.551150431715907,38.7,55,34,10.9,0.16,Thursday,11
11/24/17,23724,18.908367054459628,43,51.1,34,5.7,0,Friday,11
11/25/17,30518,25.398836205954954,48.6,57.9,37,6.9,0,Saturday,11
11/26/17,27181,13.695223992249486,49.3,57.9,42.1,13,0,Sunday,11
11/27/17,46733,13.079298711117771,45.3,53.1,42.1,12.9,0,Monday,11
11/28/17,51170,13.056802488437235,44,53.1,37,8.1,0,Tuesday,11
11/29/17,55295,13.357888898936007,54.4,64,37,10.4,0,Wednesday,11
11/30/17,51700,11.952303352675695,44.2,64,39.9,7.3,0,Thursday,11
12/1/17,50708,12.975768452052273,50.4,54,39.9,9.3,0.02,Friday,12
12/2/17,38923,14.491770932353624,44.2,53.1,39.9,5.5,0,Saturday,12
12/3/17,33728,13.151542239879825,45.3,48,39.9,5,0,Sunday,12
12/4/17,49630,12.860659211498422,45.5,52,39.9,5,0,Monday,12
12/5/17,41792,12.433630040837164,53.8,60.1,39.9,11.4,0,Tuesday,12
12/6/17,46335,12.19723427214848,50.1,60.1,41,11.9,0.69,Wednesday,12
12/7/17,45367,12.206890471047236,42.7,59,39.9,13.2,0,Thursday,12
12/8/17,41330,11.662685700459715,39.1,46,36,8.7,0,Friday,12
12/9/17,10804,13.785826237196098,35.2,41,30.9,6.8,0,Saturday,12
12/10/17,19815,13.854088653377072,35,39.9,30.9,10.9,0.34,Sunday,12
12/11/17,41838,12.989079704256097,38,43,32,9.4,0,Monday,12
12/12/17,42620,12.225013295792277,44.5,51.8,39,9.6,0,Tuesday,12
12/13/17,32623,11.803366234456261,29.2,51.1,21.9,21,0,Wednesday,12
12/14/17,27495,13.303009031945201,28.3,33.1,21.9,11.2,0.05,Thursday,12
12/15/17,22944,11.740416521385404,25.5,33.1,23,6.5,0.02,Friday,12
12/16/17,19060,12.256758481986708,30.9,39.9,23,12.9,0.13,Saturday,12
12/17/17,22403,11.635068220030062,35.7,39.9,25,5.9,0,Sunday,12
12/18/17,40168,12.76125979220607,38.4,46.9,33.1,5.7,0.02,Monday,12
12/19/17,49503,11.826513207953727,50.2,55.9,34,10.9,0,Tuesday,12
12/20/17,41463,14.18623109760509,47.7,55.9,39.9,14.3,0,Wednesday,12
12/21/17,37592,11.657265286940486,37.2,53.1,34,9.2,0,Thursday,12
12/22/17,34341,14.511359113984257,40.1,51.1,34,6.3,0,Friday,12
12/23/17,9608,17.304975020815995,41.2,53.1,36,7.4,0.05,Saturday,12
12/24/17,13216,13.150605326876518,40.3,53.1,37,10.1,0.49,Sunday,12
12/25/17,6479,16.748487420898293,36.3,41,32,15.8,0.23,Monday,12
12/26/17,14113,11.752530763598575,27,39,24.1,16.4,0.22,Tuesday,12
12/27/17,16365,13.723589978612893,22.8,28.9,19,10.5,0,Wednesday,12
12/28/17,13420,11.014924242424241,17.3,25,14,15.2,0,Thursday,12
12/29/17,13759,10.915011992150593,15.5,21.9,12,12,0,Friday,12
12/30/17,5956,12.390043653458696,20,23,18,7.8,0,Saturday,12
12/31/17,6569,13.172436190186231,22,23,19.9,13.6,0.48,Sunday,12
1/1/18,5500,20.771800000000006,12.6,21.9,8.1,15.1,0,Monday,1
1/2/18,18818,11.343925142593969,18.4,26.1,8.1,12.3,0,Tuesday,1
1/3/18,24299,11.21089756780114,22.6,30,14,7.5,0,Wednesday,1
1/4/18,1922,17.328407908428719,26.1,30,17.1,17,0.02,Thursday,1
1/5/18,4972,16.16085746849021,16.7,28.9,10,22.4,0,Friday,1
1/6/18,4295,29.805723709740011,11.8,19.9,8.1,19.8,0,Saturday,1
1/7/18,5640,12.762567966903072,10.8,18,6.1,11.7,0,Sunday,1
1/8/18,15821,17.417178644417763,22.2,30.9,6.1,9.4,0,Monday,1
1/9/18,25091,13.094970308078592,35.5,43,18,11.2,0,Tuesday,1
1/10/18,28252,11.869496554816182,34.2,43,26.1,6.1,0,Wednesday,1
1/11/18,33961,12.063514030800032,40.1,46.9,26.1,4.8,0,Thursday,1
1/12/18,22254,13.361270632994819,47.9,60.1,35.1,9.4,0.01,Friday,1
1/13/18,17760,11.608766891891888,41.7,60.1,25,14.4,0.79,Saturday,1
1/14/18,12399,23.557887732881682,20,25,16,13.8,0.11,Sunday,1
1/15/18,17637,11.038549639961444,21.6,30,15.1,12.2,0,Monday,1
1/16/18,30278,11.388798247352314,27.9,33.1,16,6.9,0,Tuesday,1
1/17/18,19010,10.392363668244787,33.8,36,24.1,7.9,0.05,Wednesday,1
1/18/18,27662,11.015991251536406,26,36,19.9,12.4,0.12,Thursday,1
1/19/18,30525,11.873586677586678,31.2,39,19.9,9.6,0,Friday,1
1/20/18,28507,14.608504928614028,43.4,54,26.1,11,0,Saturday,1
1/21/18,27908,14.161231546509969,46.1,54,37,5.3,0,Sunday,1
1/22/18,36865,20.773647090736471,42.1,52,37.9,7.1,0,Monday,1
1/23/18,28797,13.39751131483604,44.8,59,35.6,9.1,0.03,Tuesday,1
1/24/18,36078,11.51498974,42.9,60.1,34,14.2,0.28,Wednesday,1
1/25/18,31147,11.391361928917711,29.5,45,24.1,14.6,0,Thursday,1
1/26/18,33073,11.978674447434464,32,39,24.1,6.6,0,Friday,1
1/27/18,34351,22.878358708625647,42.1,57,28,7.8,0,Saturday,1
1/28/18,20101,21.784186524716851,50.3,57,35.1,6.4,0.19,Sunday,1
1/29/18,36799,11.981148944264792,42.8,54,39,8.8,0.08,Monday,1
1/30/18,27996,10.918298447397246,34.2,44.1,30,11.2,0.06,Tuesday,1
1/31/18,31276,11.032208402609031,26.2,37,19,13,0,Wednesday,1
2/1/18,35561,11.316653543676123,36.9,45,19,8.1,0,Thursday,2
2/2/18,26313,10.905258490733351,33.4,45,21.9,13.7,0.23,Friday,2
2/3/18,18385,12.369982775813614,22.4,39,17.1,13.5,0.18,Saturday,2
2/4/18,13959,11.171521360173841,34.8,45,17.1,8.2,0,Sunday,2
2/5/18,29068,12.037206435484611,37.4,46.9,30,12.6,1.01,Monday,2
2/6/18,34102,11.455167829843797,31.6,41,28,6.1,0,Tuesday,2
2/7/18,15289,10.588302047223495,32.8,46.9,28,8.3,0,Wednesday,2
2/8/18,31564,17.388288345372356,32.8,46.9,26.1,12.9,0.85,Thursday,2
2/9/18,31567,11.610650362720566,30.8,36,26.1,8.2,0,Friday,2
2/10/18,16324,15.006767132238828,42,51.1,28,5.5,0,Saturday,2
2/11/18,8809,11.403112347220645,45.6,60.1,37.9,4.7,0.82,Sunday,2
2/12/18,35139,18.194091560184795,48.1,63,41,11.4,0.99,Monday,2
2/13/18,35189,11.132938797161989,33,41,27,9.9,0,Tuesday,2
2/14/18,39591,13.461018918441059,40.5,54,27,6.8,0.01,Wednesday,2
2/15/18,44193,12.132828351398031,51,61,36,6.8,0.13,Thursday,2
2/16/18,29191,11.969708129217917,56.1,61,44.1,9.1,0.16,Friday,2
2/17/18,17921,15.176228075070213,36,59,30,11.3,0.05,Saturday,2
2/18/18,21538,17.153192806512518,37.6,45,30,8.8,0.62,Sunday,2
2/19/18,25677,12.832399293790811,41.5,48.9,33.1,5.6,0.02,Monday,2
2/20/18,44480,17.409540242805754,53.9,70,33.1,6.9,0.03,Tuesday,2
2/21/18,53115,30.362447833317628,61.8,79,46.9,7.7,0,Wednesday,2
2/22/18,27010,11.093625200543007,50.6,79,37.9,10.1,0.02,Thursday,2
2/23/18,25634,12.696981222855067,37.8,41,37,9.1,0.11,Friday,2
2/24/18,25550,14.260973255055445,46.7,54,36,7.4,0.07,Saturday,2
2/25/18,16150,19.660624355005172,42.3,54,39.9,9.6,0.62,Sunday,2
2/26/18,42570,12.379549369665648,46.1,52,39.9,6.4,0.22,Monday,2
2/27/18,48516,14.211650452084534,47.3,57,39.9,7.5,0,Tuesday,2
2/28/18,50709,15.028157723481034,49.5,62.1,39.9,9.2,0,Wednesday,2
3/1/18,45564,13.900288970824921,54.5,62.1,42.1,6,0,Thursday,3
3/2/18,6855,13.45228544,41.9,57.9,35.6,19.1,1.47,Friday,3
3/3/18,28364,16.372609646030178,40.6,46.9,36,20.1,0.71,Saturday,3
3/4/18,25262,13.329999604148526,41.9,46.9,37.9,16.6,0,Sunday,3
3/5/18,36774,11.714059752361273,37.5,44.1,35.1,15.7,0,Monday,3
3/6/18,42689,13.188295189236884,39.5,46.9,34,8.2,0,Tuesday,3
3/7/18,8188,10.351335287412473,36.6,41,33.8,14.7,0.1,Wednesday,3
3/8/18,28440,11.28990623534928,37.4,42.1,34,12.7,0.8,Thursday,3
3/9/18,34912,12.983422128017107,36.8,44.1,30.9,14,0,Friday,3
3/10/18,25444,14.896088141277579,37.4,44.1,30.9,14,0,Saturday,3
3/11/18,27597,24.68953388653356,38.9,46,33.1,10.3,0,Sunday,3
3/12/18,36340,13.356089708310405,38.2,46,33.1,10.5,0,Monday,3
3/13/18,23137,11.048184005417012,37.3,43,33.1,14.1,0.21,Tuesday,3
3/14/18,35377,11.430208421667562,36.7,42.1,32,16.3,0.05,Wednesday,3
3/15/18,39574,21.854904314280422,38.6,48,32,15,0,Thursday,3
3/16/18,34921,12.061142292603304,37.6,48,34,16.7,0,Friday,3
3/17/18,27672,17.893754818348267,36.4,48,28.9,14.8,0,Saturday,3
3/18/18,25158,14.375474998012562,37.4,48,28.9,11.6,0,Sunday,3
3/19/18,39278,12.724122070030718,39.8,46.9,30,7,0,Monday,3
3/20/18,35532,11.492039569965105,35.9,46.9,30.9,9.8,0,Tuesday,3
3/21/18,3755,12.19300488237905,35.7,39.9,30.9,15.1,0,Wednesday,3
3/22/18,27308,11.82065206777013,39.6,51.1,32,13.8,0.64,Thursday,3
3/23/18,38528,13.433641767026577,42.7,51.1,33.1,11,0.01,Friday,3
3/24/18,34398,20.730486268581497,43.3,51.1,37,10.2,0,Saturday,3
3/25/18,25562,12.974195420285314,40.4,51.1,35.1,11,0,Sunday,3
3/26/18,40295,12.767646523555443,40.4,50,34,9.1,0,Monday,3
3/27/18,41354,12.178721526333609,39.4,50,34,5.8,0,Tuesday,3
3/28/18,42520,12.539774223894643,43.7,52,35.1,5.5,0.04,Wednesday,3
3/29/18,39293,16.089561754001988,49.6,53.1,39,5.2,0.03,Thursday,3
3/30/18,34787,13.86275381,50.1,60.1,43,6.3,0.02,Friday,3
3/31/18,41794,26.894350066197703,47.1,60.1,39.9,10.7,0.04,Saturday,3
4/1/18,33149,21.496862147676659,50.4,59,39.9,11,0,Sunday,4
4/2/18,22063,16.397754913958511,39.8,59,32,8.1,0.4,Monday,4
4/3/18,25881,10.721902811586364,40.8,44.1,32,7,0.15,Tuesday,4
4/4/18,36753,12.154555637181547,45.9,57,39,9.3,0.28,Wednesday,4
4/5/18,39814,13.378084760804406,41.6,57,35.1,18.2,0.11,Thursday,4
4/6/18,35624,13.139786847817954,44.8,62.1,35.1,10.7,0,Friday,4
4/7/18,33245,14.377386574422218,45.7,62.1,37,10.5,0.09,Saturday,4
4/8/18,28410,14.941405021705975,38.9,48.9,33.1,12.2,0,Sunday,4
4/9/18,40509,11.925599249549483,38.7,48.9,33.1,10.6,0,Monday,4
4/10/18,43051,11.534113803008832,43.2,50,33.1,7.9,0,Tuesday,4
4/11/18,48612,12.483800981924903,44.4,52,37.9,6.9,0,Wednesday,4
4/12/18,53168,13.598826988664865,50.6,60.1,37.9,8.1,0,Thursday,4
4/13/18,63510,24.079607935758141,65.4,82,46,11.1,0,Friday,4
4/14/18,62597,22.908648178027693,61.6,82,51.1,9.4,0,Saturday,4
4/15/18,20440,12.307435583822571,44.4,69.1,39,18.4,0,Sunday,4
4/16/18,26289,13.660212129280941,46.6,61,39,18.1,1.24,Monday,4
4/17/18,44689,11.757871437415627,46.2,61,39.9,13.8,1.62,Tuesday,4
4/18/18,51110,13.195589251940261,44.7,55,39,11.6,0,Wednesday,4
4/19/18,38298,11.335561909238084,46.2,55,39,9.9,0.07,Thursday,4
4/20/18,47052,16.000119371475531,43.2,50,37.9,16.3,0.08,Friday,4
4/21/18,63599,23.50345314653795,48.8,62.1,37.9,10.4,0,Saturday,4
4/22/18,54284,21.240274298135731,55.2,64.9,41,8.1,0,Sunday,4
4/23/18,57767,16.767890548813913,53.5,64.9,45,7.8,0,Monday,4
4/24/18,58527,14.893794601921618,54.8,66,45,7.9,0,Tuesday,4
4/25/18,31214,17.28646280515153,56.1,66,46,10.4,0.42,Wednesday,4
4/26/18,66077,16.637593262405982,59.6,70,50,9.9,0.29,Thursday,4
4/27/18,39154,12.328815276429822,54.5,70,48.9,8.1,0.17,Friday,4
4/28/18,56745,21.099569125033049,56.7,66,48.9,6.2,0.05,Saturday,4
4/29/18,44837,18.701506568236059,54.2,66,50,10.6,0.22,Sunday,4
4/30/18,41075,13.162267397037944,49,57.9,44.1,15.8,0.15,Monday,4
5/1/18,72035,17.445850859535877,60.3,82,44.1,7.8,0,Tuesday,5
5/2/18,76773,16.612234987126552,76.9,89.1,66,10.3,0,Wednesday,5
5/3/18,69056,20.436858974358973,82.3,93,64.9,10.8,0,Thursday,5
5/4/18,71199,17.76182647696363,75.8,93,68,5.5,0.01,Friday,5
5/5/18,63329,24.555012974571948,70.3,84,61,11.2,0,Saturday,5
5/6/18,48993,17.533699031834473,62.6,75.9,57,7.6,0,Sunday,5
5/7/18,68917,17.650352839889532,62.1,75,54,5.6,0,Monday,5
5/8/18,74313,18.97815590811836,61.8,75,54,5.9,0,Tuesday,5
5/9/18,78458,18.083681502629862,63.5,73.9,54,4.8,0,Wednesday,5
5/10/18,67455,16.10722481654436,59.4,73.9,54,6.5,0,Thursday,5
5/11/18,75266,18.959467532927665,65.1,73,55.9,8.3,0.19,Friday,5
5/12/18,34535,16.282174122870519,59.2,73,54,7.3,0.06,Saturday,5
5/13/18,25986,17.894076297493527,53.6,64,52,7.3,0.14,Sunday,5
5/14/18,64729,15.904303326175286,58.4,71.1,52,5,0.1,Monday,5
5/15/18,52826,16.032164085866807,69.1,91.9,52,9.4,0.02,Tuesday,5
5/16/18,32766,12.52734592768927,62.9,70,55.9,6.7,0.44,Wednesday,5
5/17/18,49789,15.305948770478086,60.2,73.4,55,6,0.64,Thursday,5
5/18/18,63113,17.442503657460961,64.9,73,55,8.9,0.02,Friday,5
5/19/18,18026,15.370868930063983,54.4,66.9,50,10.7,0.2,Saturday,5
5/20/18,56949,23.551470906717718,66.7,84,50,7.1,0.44,Sunday,5
5/21/18,71220,22.679741645605176,68.9,84,55,7.6,0,Monday,5
5/22/18,48508,13.950543896539404,64.6,79,55.9,5,0,Tuesday,5
5/23/18,72655,19.2006696,66.2,82,55.9,5.1,0.42,Wednesday,5
5/24/18,74810,19.328324199082108,74.5,86,57,7.6,0.21,Thursday,5
5/25/18,69345,20.336381378133485,77.9,89.1,66,9.6,0,Friday,5
5/26/18,51597,32.988507406761364,82.3,91.9,68,9.3,0,Saturday,5
5/27/18,25814,23.995788461041798,68.8,91.9,59,11.2,0.12,Sunday,5
5/28/18,49043,22.907766313914994,60.2,82,55.9,8.3,0.41,Monday,5
5/29/18,69090,17.065852511217244,72.8,87.1,55.9,6,0,Tuesday,5
5/30/18,72321,16.616023238985452,69,87.1,63,7.8,0,Wednesday,5
5/31/18,55794,13.872895532375043,64,77,60.1,7.1,0,Thursday,5